code,name,credits,equivalency,transfer_credit
ACC101,ACCOUNTING I,3,EC,3
ACC102,ACCOUNTING II,3,EC,3
ACC103,MANAGERIAL ACCOUNTING,3,29010204,3
ACC104,FINANCIAL ACCOUNTING,3,33010272,3
ACC104,FINANCIAL ACCOUNTING,3,33010272,3
ACC105,MANAGERIAL ACCOUNTING,3,33010275,3
ACC213,COMPUTERIZED ACCOUNTING,3,Not Transferable,0
ACC214,INTERMEDIATE ACCOUNTING I,3,EC,3
ACC215,COST ACCOUNTING,3,EC,3
ACC216,INTERMEDIATE ACCOUNTING II,3,29010306,3
ACC223,INCOME TAX ACCOUNTING I,3,EC,3
ACC224,INCOME TAX ACCOUNTING II,3,EC,3
ACC225,AUDITING,3,EC,3
ACC226,ADVANCED ACCOUNTING,3,EC,3
ADD101,INTRODUCTION TO ADDICTIONS,3,EC,3
ADD102,PROFESSIONAL DEVELOPMENT - ADDICTIONS COUNSELING,3,EC,3
ADD103,PEER ADDICTION RECOVERY - CARES,3,Not Transferable,0
ADD104,PEER ADDICTION RECOVERY C-CART,3,Not Transferable,0
ADD111,PSYCHOLOGICAL-SOCIAL ASPECTS-ALCOHOL AND DRUG ADD,3,EC,3
ADD112,ASSESSMENT/TREATMENT ALCOHOL AND DRUG ADDICTIONS,3,EC,3
AET101,INTRODUCTION TO ENERGY,3,01750140,3
AET102,PHYSICS OF ENERGY SYSTEMS,4,01750EC,4
AET103,FUNDAMENTALS OF ELECTRICAL ENERGY,4,Not Transferable,0
AET105,SOLAR ENERGY SYSTEMS,4,01750EC,4
ALH100,INTRODUCTION TO HEALTH CARE PROFESSIONS,3,Not Transferable,0
ALH101,CERTIFIED HOME HEALTH AIDE,6,Not Transferable,0
ALH105,ELECTROCARDIOGRAPHY,1,Not Transferable,0
ALH110,WAIVED LAB TESTING,1,Not Transferable,0
ALH115,BASIC PHLEBOTOMY TECHNIQUES,1,Not Transferable,0
ALH116,PHLEBOTOMY CLINICAL PRACTICUM,2,Not Transferable,0
ALH119,NURSE AIDE SKILLS,3,Not Transferable,0
ALH120,PATIENT CARE ASSISTANT,6,Not Transferable,0
ALH121,BASIC SKILLS FOR ALLIED HEALTH PROFESSIONALS,3,Not Transferable,0
ALH122,CERTIFIED NURSES AIDE,4,Not Transferable,0
ALH125,CERTIFIED NURSE ASSISTANT,6,Not Transferable,0
ALH130,HOME HEALTH AIDES: EXPANDED,6,Not Transferable,0
ALH135,HOMEMAKER HOME HEALTH AIDE,1,Not Transferable,0
ALH140,STERILE PROCESSING AND DISTRIBUTION TECHNICIAN,5,Not Transferable,0
ALH145,INTRODUCTION TO PUBLIC HEALTH,3,10832232,3
ALH171,HEALTH AND SAFETY PART I,4,Not Transferable,0
ALH172,HEALTH AND SAFETY PART II,5,Not Transferable,0
ALH210,CO-OP I: ALLIED HEALTH,3,Not Transferable,0
ALH211,CO-OP I: ALLIED HEALTH,1,Not Transferable,0
ALH212,CO-OP II: ALLIED HEALTH,3,Not Transferable,0
ALH213,CO-OP II: ALLIED HEALTH,1,Not Transferable,0
ALZ101,OVERVIEW MILD COGNITIVE IMPAIRMENT(MCI) ALZHEIMER,2,EC,2
ALZ102,JOURNEY COORD: PURPOSE AND PROFESSIONALISM,2,EC,2
ALZ103,"INDIVIDUAL APPROACHES TO ENGAGE,CARE AND SUPPORT",3,EC,3
ALZ104,PRINCIPLES OF SYSTEM NAVIGATION,3,Not Transferable,0
ALZ105,ALZHEIMER'S JOURNEY COORD FIELD WORK,3,EC,3
ANT101,GENERAL ANTHROPOLOGY,3,EC,3
ANT101H,HONORS GENERAL ANTHROPOLOGY,3,01070EC,3
ANT102,INTRODUCTION TO PHYSICAL ANTHROPOLOGY,3,21070203,3
ANT105,HONORS GENERAL ANTHROPOLOGY,3,EC,3
ANT201,AFRICAN CULTURES,3,EC,3
ANT202,THE AMERICAN INDIAN,3,21070207,3
ARA101,ELEMENTARY ARABIC I,3,PENDING,0
ARA102,ELEMENTARY ARABIC II,3,PENDING,0
ART101,ART APPRECIATION,3,EC,3
ART102,ART THERAPY,3,EC,3
ART103,VISUAL CULTURE,3,07081EC,3
ART103,VISUAL CULTURE,3,EC,3
ART103H,HONORS VISUAL CULTURE,3,07081EC,3
ART103H,HONORS VISUAL CULTURE,3,EC,3
ART104,INTRODUCTION TO VISUAL ARTS,3,Not Transferable,0
ART111,ART HISTORY I,3,EC,3
ART112,ART HISTORY II,3,EC,3
ART121,BASIC DRAWING I,3,EC,3
ART122,BASIC DRAWING II,3,EC,3
ART123,BASIC DRAWING I - AFA,3,PENDING,0
ART124,BASIC DRAWING II - AFA MAJORS,3,PENDING,0
ART124,Basic Drawing II-AFA,3,Not Transferable,0
ART125,CREATIVE ARTS: EARLY CHILDHOOD LEARNERS,3,Not Transferable,0
ART130,FRESCO PAINTING,3,07081EC,3
ART130,FRESCO PAINTING,3,EC,3
ART131,PAINTING I,3,EC,3
ART132,PAINTING II,3,EC,3
ART133,PAINTING III,3,EC,3
ART134,LIFE DRAWING I,3,PENDING,0
ART135,LIFE DRAWING II,3,PENDING,0
ART136,WATERCOLOR,3,PENDING,0
ART137,FAUX FINISH I,3,PENDING,0
ART138,FAUX FINISH II,3,PENDING,0
ART139,MURAL PAINTING,3,PENDING,0
ART140,PAINTED FINISHES/WOOD SURFACES,3,PENDING,0
ART141,SCULPTURE I,3,EC,3
ART142,SCULPTURE II,3,EC,3
ART143,SCULPTURE I - AFA,3,07081281,3
ART143,SCULPTURE I - AFA,3,EC,3
ART144,SCULPTURE II - AFA,3,PENDING,0
ART145,PAINTING I - AFA,3,PENDING,0
ART146,PAINTING II - AFA,3,PENDING,0
ART147,FIGURE MODELING,3,EC,3
ART151,CERAMICS AND POTTERY I,3,EC,3
ART152,CERAMICS AND POTTERY II,3,EC,3
ART153,CERAMICS ^ POTTERY I - AFA,3,PENDING,0
ART154,CERAMICS ^ POTTERY II - AFA,3,PENDING,0
ART160,TWO-DIMENSIONAL DESIGN,3,EC,3
ART161,DESIGN II: THREE-DIMENSIONAL,3,EC,3
ART162,ADVERTISING LAYOUT I,3,EC,3
ART163,ADVERTISING LAYOUT II,3,EC,3
ART164,COMMERCIAL DRAWING,3,EC,3
ART165,COLOR: THEORY AND PRACTICE,3,PENDING,0
ART166,TWO-DIMENSIONAL DESIGN - AFA MAJORS,3,PENDING,0
ART167,THREE-DIMENSIONAL DESIGN - AFA MAJORS,3,PENDING,0
ART168,ARTS AND THE COMMUNITY,3,Not Transferable,0
ART201,VISUAL ARTS SEMINAR,3,Not Transferable,0
ART251,CERAMICS,3,EC,3
ART252,CERAMICS AND SCULPTURE,3,EC,3
ART253,ART SEMINAR,3,PENDING,0
ART291,INDEPENDENT STUDY - DRAWING,3,EC,3
ART292,INDEPENDENT STUDY - PAINTING,3,EC,3
ART293,INDEPENDENT STUDY - SCULPTURE,3,EC,3
ART294,INDEPENDENT STUDY - CERAMICS,3,EC,3
ART298,CO-OP I: FINE/APPLIED ARTS,3,EC,3
ART299,CO-OP II: FINE/APPLIED ARTS,3,EC,3
ASC101,ANIMAL SCIENCE SEMINAR I,1,EC,1
ASC102,ANIMAL SCIENCE SEMINAR II,1,EC,3
ASC105,VETERINARY OFFICE PROCEDURES,1,Not Transferable,0
ASC106,OFFICE PROCEDURES FOR VETERINARY TECHNICIANS,2,Not Transferable,0
ASC106,VETERINARY OFFICE PRACTICES,2,Not Transferable,0
ASC107,CALCULATIONS FOR VETERINARY TECHNICIANS,1,Not Transferable,0
ASC107,CALCULATIONS FOR VETERINARY TECHNICIANS,2,Not Transferable,0
ASC108,ANIMAL ANATOMY AND PHYSIOLOGY I,3,Not Transferable,0
ASC109,FUNDAMENTALS OF SMALL ANIMAL NURSING,2,Not Transferable,0
ASC110,VETERINARY CLINICAL ROTATION I,2,Not Transferable,0
ASC111,ANIMAL BIOLOGY,4,EC,3
ASC112,PRINCIPLES OF ANIMAL HUSBANDRY,2,PENDING,0
ASC114,SMALL ANIMAL NURSING I,2,PENDING,0
ASC115,SMALL ANIMAL NURSING I FOR VETERINARY TECHNICIANS,3,Not Transferable,0
ASC200,DENTAL TECHNIQUES FOR VETERINARY TECHNICIANS,1,Not Transferable,0
ASC200,VETERINARY DENTAL TECHNIQUES I,2,Not Transferable,0
ASC201,ANIMAL ANATOMY AND PHYSIOLOGY II,3,Not Transferable,0
ASC201,ANIMAL ANATOMY AND PHYSIOLOGY II,3,Not Transferable,0
ASC202,ADVANCED SMALL ANIMAL NURSING TECHNIQUES,3,Not Transferable,0
ASC208,VETERINARY TECHNICIAN SEMINAR,1,Not Transferable,0
ASC210,HISTOLOGY AND CYTOLOGY,3,EC,3
ASC211,LAB ANIMAL SCIENCE I,3,EC,3
ASC212,LAB ANIMAL SCIENCE II,3,EC,3
ASC213,LAB ANIMAL SCIENCE,3,Not Transferable,0
ASC213,LABORATORY ANIMAL SCIENCE,3,Not Transferable,0
ASC214,SMALL ANIMAL NURSING II,2,Not Transferable,0
ASC214,VETERINARY SURGICAL NURSING,3,Not Transferable,0
ASC215,FARM ANIMAL NURSING,1,Not Transferable,0
ASC215,FARM ANIMAL NURSING,2,Not Transferable,0
ASC220,HEMATOLOGY FOR VETERINARY TECHNICIANS,3,Not Transferable,0
ASC220,HEMATOLOGY FOR VETERINARY TECHNICIANS,3,Not Transferable,0
ASC221,CLINICAL LAB PROCEDURES I,4,EC,3
ASC222,CLINICAL LAB PROCEDURES II,3,EC,3
ASC225,MICROBIOLOGY FOR VETERINARY TECHNICIANS,4,Not Transferable,0
ASC230,CLINCAL LAB PROCEDURES,3,Not Transferable,0
ASC231,CLINICAL AND HOSPITAL PROCEDURES I,3,EC,3
ASC232,CLINICAL AND HOSPITAL PROCEDURES II,2,EC,2
ASC234,RADIOLOGY AND ULTRASOUND,2,Not Transferable,0
ASC235,CLINCAL LAB FOR VETERINARY TECHNICIANS,2,Not Transferable,0
ASC235,CLINICAL LABORATORY FOR VETERINARY TECHNICIANS,2,Not Transferable,0
ASC236,RADIOLOGY FOR VETERINARY TECHNICIANS,2,Not Transferable,0
ASC236,RADIOLOGY FOR VETERINARY TECHNICIANS,2,Not Transferable,0
ASC240,PARASITOLOGY,3,EC,3
ASC240,PARASITOLOGY,3,Not Transferable,0
ASC244,VETERINARY DENTAL TECHNIQUES II,2,Not Transferable,0
ASC250,PRINCIPLES OF ANIMAL HUSBANDRY,2,EC,2
ASC260,ANIMAL PATHOLOGY,1,EC,1
ASC261,PATHOLOGY FOR VETERINARY TECHNICIANS,2,Not Transferable,0
ASC261,PATHOLOGY FOR VETERINARY TECHNICIANS,2,Not Transferable,0
ASC266,VETERINARY CLINICAL ROTATION II,4,Not Transferable,0
ASC267,VETERINARY PROFESSIONAL SEMINAR,1,Not Transferable,0
ASC267,VETERINARY PROFESSIONAL SEMINAR,1,Not Transferable,0
ASC270,VETERINARY PHARMACOLOGY,2,Not Transferable,0
ASC270,VETERINARY PHARMACOLOGY,2,Not Transferable,0
ASC292,SMALL ANIMAL CO-OP,3,Not Transferable,0
ASC293,RESEARCH ANIMAL CO-OP,3,Not Transferable,0
ASC300,DENTAL TECHNIQUES FOR VETERINARY TECHNICIANS,1,EC,3
ASC310,ANIMAL CONTROL OFFICER TRAINING,3,EC,3
ASL101,AMERICAN SIGN LANGUAGE I,3,EC,3
ASL102,AMERICAN SIGN LANGUAGE II,3,EC,3
ASL103,FINGERSPELLING,3,EC,3
ASL200,ASL ESSENTIALS,3,EC,3
ASL201,AMERICAN SIGN LANGUAGE III,3,EC,3
ASL202,AMERICAN SIGN LANGUAGE IV,3,EC,3
ASL203,AMERICAN SIGN LANGUAGE V,3,04192NM,3
ASL203,AMERICAN SIGN LANGUAGE V,3,04189EC,3
AUT100,INTRODUCTION TO AUTOMOTIVE SERVICE CAREERS,2,Not Transferable,0
AUT101,AUTOMOTIVE FUNDAMENTALS,3,Not Transferable,0
AUT111,AUTOMOTIVE BRAKE SYSTEMS,3,Not Transferable,0
AUT121,AUTOMOTIVE STEERING/SUSPENSION SYSTEMS,4,Not Transferable,0
AUT131,AUTOMOTIVE HEATING AND AIR CONDITIONING,3,Not Transferable,0
AUT141,AUTOMOTIVE ELECTRICAL AND ELECTRONIC PRINCIPLES,4,Not Transferable,0
AUT151,AUTOMOTIVE ENGINE FUNDAMENTALS,3,Not Transferable,0
AUT181,AUTOMOTIVE PRACTICUM I,3,Not Transferable,0
AUT182,AUTOMOTIVE PRACTICUM II,3,Not Transferable,0
AUT242,AUTOMOTIVE ELECTRICAL AND ELECTRONIC SYSTEMS,4,Not Transferable,0
AUT252,ADVANCED AUTOMOTIVE ENGINES,3,Not Transferable,0
AUT253,AUTOMOTIVE ENGINES,4,Not Transferable,0
AUT261,MANUAL DRIVE TRAINS AND AXLES,4,Not Transferable,0
AUT262,AUTOMOTIVE TRANSMISSIONS/TRANSAXLES,4,Not Transferable,0
AUT271,ADVANCED AUTOMOTIVE SYSTEMS I,4,Not Transferable,0
AUT272,ADVANCED AUTOMOTIVE SYSTEMS II,4,Not Transferable,0
AUT283,AUTOMOTIVE PRACTICUM III,3,Not Transferable,0
AUT284,AUTOMOTIVE PRACTICUM IV,3,Not Transferable,0
AUT285,AUTOMOTIVE PRACTICUM V,3,Not Transferable,0
AUT286,AUTOMOTIVE CAPSTONE PRACTICUM,3,Not Transferable,0
BHC101,BRAIN FUNCTION INJURIES AND TREATMENT,3,Not Transferable,0
BHC102,EMOTIONAL AND BEHAVIORAL DISORDERS,3,Not Transferable,0
BHC103,APPLIED BEHAVIORAL ANALYSIS,3,Not Transferable,0
BHC104,"FAMILY, COMMUNITY AND THE LAW",1,Not Transferable,0
BHC110,BEHAVIORAL HEALTH CARE PRACTICUM,3,Not Transferable,0
BIO101,BIOLOGY I,4,EC,3
BIO102,BIOLOGY II,4,EC,3
BIO103,HUMAN BIOLOGY,3,EC,3
BIO104,PRINCIPLES OF ENVIRONMENTAL SCIENCE,3,EC,3
BIO105,INTRODUCTION TO NUTRITION,3,EC,3
BIO106,LIVING IN THE ENVIRONMENT,4,PENDING,0
BIO111,BIOLOGY I - SCIENCE,4,EC,3
BIO112,BIOLOGY II - SCIENCE,4,EC,3
BIO117,BASIC ANATOMY AND PHYSIOLOGY I,4,"01119EC ""R21""",4
BIO118,BASIC ANATOMY AND PHYSIOLOGY II,4,"01119EC ""R21""",4
BIO121,BASIC MICROBIOLOGY,4,01119131,4
BIO130,PLANTS AND SOCIETY,4,11776170,4
BIO135,INTRODUCTION TO VITICULTURE,4,Not Transferable,0
BIO140,THE MICROBIAL WORLD,4,PENDING,0
BIO140H,HONORS THE MICROBIAL WORLD,4,01119EC,3
BIO206,ENVIRONMENTAL SCIENCE: THEORY AND PRACTICE,4,11375101,4
BIO206,ENVIRONMENTAL SCIENCE: THEORY AND APPLICATIONS,4,11375101,4
BIO210,HUMAN ANATOMY AND PHYSIOLOGY,4,21001100,3
BIO211,ANATOMY AND PHYSIOLOGY I,4,"01119EC ""R21""",4
BIO212,ANATOMY AND PHYSIOLOGY II,4,"01119EC ""R21""",4
BIO220,ELEMENTS OF MICROBIOLOGY,3,EC,3
BIO221,MICROBIOLOGY I,4,01119131,4
BIO222,MICROBIOLOGY II,4,EC,3
BIO225,INTRODUCTION TO PLANT BIOLOGY,4,11776242,4
BIO230,EXERCISE PHYSIOLOGY,4,EC,3
BIO235,CELL BIOLOGY,4,01146270,4
BIO240,GENETICS,4,EC,3
BIO250,CO-OP I: SCIENCE,3,EC,3
BIO251,CO-OP II: SCIENCE,3,Not Transferable,0
BIO255,RESEARCH EXPERIENCE IN BIOLOGY,3,Not Transferable,0
BIO255,RESEARCH EXPERIENCE IN BIOLOGY,4,Not Transferable,0
BIT101,BIOTECHNOLOGY SEMINAR,2,PENDING,0
BIT102,INTRODUCTION TO BIOTECHNOLOGY,1,Not Transferable,0
BIT200,INTRODUCTION TO BIOCHEMISTRY,4,EC,4
BIT201,APPLICATIONS IN BIOTECHNOLOGY,4,PENDING,0
BIT202,INSTRUMENTAL ANALYSIS,4,Not Transferable,0
BIT203,CELL AND TISSUE CULTURE FOR BIO-MANUFACTURING,4,Not Transferable,0
BIT205,BIOTECHNOLOGY INTERNSHIP,3,Not Transferable,0
BIT214,FUNDAMENTALS OF INSTRUMENTAL ANALYSIS,3,Not Transferable,0
BIT218,COMBINED LABORATORY TECHNIQUES,3,Not Transferable,0
BMT101,BUSINESS MATH I,3,EC,3
BMT102,BUSINESS MATH II,3,EC,3
BMT103,BUSINESS STATISTICS,3,EC,3
BUS200,CO-OP: INTERNSHIP,1,Not Transferable,0
BUS201,CO-OP I: BUSINESS,3,Not Transferable,0
BUS202,CO-OP II: BUSINESS,3,Not Transferable,0
BUS203,CO-OP I: INTERNSHIP,1,Not Transferable,0
BUS204,CO-OP II: INTERNSHIP,1,Not Transferable,0
CAD101,COMPUTER AIDED ENGINEERING GRAPHICS,4,EC,3
CAD102,ADVANCED COMPUTER AIDED ENGINEERING GRAPHICS,3,EC,3
CAD106,ENGINEERING GRAPHICS,4,EC,3
CAD107,PARAMETRIC DESIGN: AUTODESK INVENTOR,3,Not Transferable,0
CAD201,CADD APPLICATIONS: MICROSTATION,3,EC,3
CAD202,ADVANCED CADD PROJECT,3,EC,3
CAD204,PROJECT DESIGN I,4,Not Transferable,0
CAD205,ARCHITECTURAL CADD USING REVIT,3,Not Transferable,0
CAD206,SOLIDS MODELING: SOLIDS WORKS,3,Not Transferable,0
CAD207,INTRODUCTION TO LISP PROGRAMMING,3,EC,3
CAD208,AUTOCAD CIVIL 3D LEVEL I,3,Not Transferable,0
CAD211,CADD APPLICATIONS,3,EC,3
CDF101,CAREER DEVELOPMENT FAC I,3,Not Transferable,0
CDF102,CAREER DEVELOPMENT FAC II,3,Not Transferable,0
CGR101,ELECT LAYOUT AND DESIGN,3,EC,3
CGR102,ELECTRONIC PUBLISHING AND PREPRESS,3,EC,3
CGR103,PRINTING TECHNOLOGY,3,EC,3
CGR104,ELEMENTS AND PRICIPLES OF GRAPHIC DESIGN,3,07081EC,3
CGR104,ELEMENTS AND PRICIPLES OF GRAPHIC DESIGN,3,EC,3
CGR105,PODCASTING,3,Not Transferable,0
CGR106,PRINT PUBLISHING,3,Not Transferable,0
CGR107,SCRIPTWRITING,3,Not Transferable,0
CGR108,GRAPHIC DESIGN I,3,Not Transferable,0
CGR109,GRAPHIC DESIGN II,3,Not Transferable,0
CGR111,COMPUTER GRAPHICS DESIGN I,3,EC,3
CGR112,COMPUTER GRAPHICS DESIGN II,3,EC,3
CGR113,WEB PAGE DESIGN I,3,EC,3
CGR114,TYPOGRAPHY I,3,Not Transferable,0
CGR115,DIGITAL STORYTELLING,3,Not Transferable,0
CGR121,MULTIMEDIA TECHNOLOGY I,3,EC,3
CGR122,MULTIMEDIA TECHNOLOGY II,3,EC,3
CGR123,INTERACTIVE INTERFACE DESIGN,3,Not Transferable,0
CGR125,GAME DESIGN AND DEVELOPMENT I,3,Not Transferable,0
CGR126,ILLUSTRATION I,3,Not Transferable,0
CGR127,ILLUSTRATION II,3,Not Transferable,0
CGR200,GAME DESIGN AND DEVELOPMENT II,3,Not Transferable,0
CGR205,GRAPHICS FOR THE WEB,3,EC,3
CGR213,COMPUTER GRAPHICS DESIGN III,3,EC,3
CGR214,WEB PAGE DESIGN II,3,EC,3
CGR215,WEB MULTIMEDIA,3,EC,3
CGR220,WEB DEVELOPMENT,3,EC,3
CGR231,VIDEO IMAGING TECHNOLOGY I,3,EC,3
CGR232,VIDEO IMAGING TECHNOLOGY II,3,EC,3
CGR233,VIDEO IMAGING TECHNOLOGY III,3,EC,3
CGR235,VIDEO PRODUCTION,3,EC,3
CGR239,2D ANIMATION,3,Not Transferable,0
CGR239,2D ANIMATION I,3,Not Transferable,0
CGR239,ANIMATION I,3,Not Transferable,0
CGR240,VIDEO PRODUCTION II,3,Not Transferable,0
CGR241,3D COMPUTER ANIMATION I,3,EC,3
CGR242,3D COMPUTER ANIMATION II,3,EC,3
CGR243,COMPUTER ANIMATION III,3,Not Transferable,0
CGR244,SPECIAL EFFECTS,3,Not Transferable,0
CGR245,2D ANIMATION II,3,Not Transferable,0
CGR245,ANIMATION II,3,Not Transferable,0
CGR251,PRESENTATION GRAPHICS,3,EC,3
CGR252,PORTFOLIO DESIGN,3,EC,3
CGR253,DIGITAL ILLUSTRATION,3,EC,3
CGR255,GAME DESIGN AND DEVELOPMENT III,3,Not Transferable,0
CGR256,GAME DESIGN/DEVELOPMENT - FINAL PROJECT,3,Not Transferable,0
CGR260,COMIC BOOK DESIGN,3,Not Transferable,0
CGR270,COMPUTER GRAPHICS INTERNSHIP/CO-OP,3,Not Transferable,0
CHI101,ELEMENTARY CHINESE I,3,01165101,3
CHI102,ELEMENTARY CHINESE II,3,01165102,3
CHM101,"GENERAL, ORGANIC AND BIOLOGICAL CHEMISTRY I",4,"01160128 ""4""",4
CHM101H,"HONORS GENERAL, ORGANIC AND BIOLOGICAL  CHEM I",4,01160EC,4
CHM102,"GENERAL, ORGANIC AND BIOLOGICAL CHEMISTRY II",4,"01160128 ""4""",3
CHM111,CHEMISTRY I - SCIENCE,4,01160161,3
CHM111H,HONORS CHEMISTRY I SCIENCE,4,EC,3
CHM112,CHEMISTRY II - SCIENCE,4,01160162,3
CHM112H,HONORS CHEMISTRY II SCIENCE,4,EC,3
CHM120,CHEMISTRY FOR FIRE PROTECTION,4,EC,3
CHM130,GENERAL/ORGANIC/BIOCHEMISTRY FOR DENTAL HYGIENE,4,EC,3
CHM130,"GENERAL, ORGANIC + BIO CHEM FOR DENTAL HYGIENISTS",4,Not Transferable,0
CHM140,CHEMISTRY AND SOCIETY,4,EC,3
CHM140,CHEMISTRY AND SOCIETY,4,01160127,3
CHM140H,HONORS- CHEMISTRY AND SOCIETY,4,01160127,4
CHM145,INTRODUCTION TO FORENSIC SCIENCE,4,PENDING,0
CHM150,CHEMISTRY OF ART MATERIALS,4,PENDING,0
CHM160,FUNDAMENTALS OF FOOD SCIENCE,4,Not Transferable,0
CHM210,FUNDAMENTALS IN BIOCHEMISTRY,4,PENDING,0
CHM221,ORGANIC CHEMISTRY I,4,21160335,3
CHM221,ORGANIC CHEMISTRY I,4,21160335,3
CHM222,ORGANIC CHEMISTRY II,4,21160336,3
CHM222,ORGANIC CHEMISTRY II,4,21160336,3
CID105,PODCASTING,3,Not Transferable,0
CID113,WEB PAGE DESIGN I,3,Not Transferable,0
CID115,DIGITAL STORYTELLING,3,Not Transferable,0
CID123,INTERACTIVE INTERFACE DESIGN,3,Not Transferable,0
CID125,GAME DESIGN AND DEVELOPMENT I,3,Not Transferable,0
CID200,GAME DESIGN AND DEVELOPMENT II,3,Not Transferable,0
CID203,UI + UX DESIGN,3,Not Transferable,0
CID204,WEB + DIGITAL PUBLICATIONS,3,Not Transferable,0
CID205,GRAPHICS FOR THE WEB,3,Not Transferable,0
CID214,WEB PAGE DESIGN II,3,Not Transferable,0
CID215,WEB MULTIMEDIA,3,Not Transferable,0
CID220,WEB DEVELOPMENT,3,Not Transferable,0
CID223,VIRTUAL REALITY I,3,Not Transferable,0
CID225,VIRTUAL REALITY 360,3,Not Transferable,0
CID227,VIRTUAL REALITY II,3,Not Transferable,0
CID239,2D INTERACTIVE ANIMATION,3,Not Transferable,0
CID241,3D COMPUTER ANIMATION I,3,Not Transferable,0
CID242,3D COMPUTER ANIMATION II,3,Not Transferable,0
CID243,3D COMPUTER ANIMATION III,3,Not Transferable,0
CID244,SPECIAL EFFECTS,3,Not Transferable,0
CID255,GAME DESIGN AND DEVELOPMENT III,3,Not Transferable,0
CID256,GAME DESIGN AND DEVELOPMENT FINAL PROJECT,3,Not Transferable,0
CID260,COMIC BOOK DESIGN,3,Not Transferable,0
CIM101,MACHINE SHOP PRACTICES,3,EC,3
CIM110,INTRODUCTION TO TECHNICAL CAREERS,3,Not Transferable,0
CIM115,MICROCONTROLLER APPLICATIONS,3,Not Transferable,0
CIM120,ELECTRICITY AND CONTROL SYSTEMS,4,Not Transferable,0
CIM125,HYDRAULICS AND PNEUMATICS,4,Not Transferable,0
CIM130,MECHANICAL SYSTEMS MAINTENANCE AND OPERATION,4,Not Transferable,0
CIM135,WELDING AND SOLDERING THEORY,3,Not Transferable,0
CIM136,ADVANCED WELDING THEORY APPRENTICESHIP,3,Not Transferable,0
CIM140,WORKPLACE ESSENTIALS,3,Not Transferable,0
CIM141,WORKPLACE ESSENTIALS FOR WELDING APPRENTICESHIP,3,Not Transferable,0
CIM201,COMPUTER HARDWARE/OPERATIONS SYSTEMS,3,EC,3
CIM202,CONVENTIONAL MACHINIST,3,Not Transferable,0
CIM211,PLC PROGRAMMING,4,EC,3
CIM212,ADVANCED PLC PROGRAMMING,3,EC,3
CIM213,TAG-BASED PRO LOGIC CONTROLLER PROGRAM,2,Not Transferable,0
CIM219,CNC MACHINIST,3,Not Transferable,0
CIM221,CNC PROGRAMMING AND CAM,4,Not Transferable,0
CIM222,ADVANCED CNC AND CAM,3,EC,3
CIM231,"MOTORS, CONTROLLERS AND SENSORS",3,EC,3
CIM241,PRODUCTION/OPERATIONS MANAGEMENT,3,EC,3
CIM251,CIM INTEGRATION/PROJECT,3,EC,3
CIM251,CIM INTEGRATION/PROJECT,2,Not Transferable,0
CIM255,PRECISION MACHINING PROJECT,3,Not Transferable,0
CIM255,PRECISION MACHINING PROJECT,2,Not Transferable,0
CIS101,PERSONAL COMPUTER APPLICATIONS,3,Not Transferable,0
CIS102,SPREADSHEETS,3,EC,3
CIS102,SPREADSHEETS,3,Not Transferable,0
CIS102,SPREADSHEETS,3,Not Transferable,0
CIS103,DATABASE MANAGEMENT,3,EC,3
CIS103,DATABASE MANAGEMENT,3,Not Transferable,0
CIS103,DATABASE MANAGEMENT,3,Not Transferable,0
CIS105,COMPUTER LITERACY,3,01198110,3
CIS106,INTRO COMPUTING GOOGLE APPS (G Suite),2,Not Transferable,0
CIS108,CONSTRUCT MANAGEMENT COMPUTER BASICS,3,Not Transferable,0
CIS110,INFORMATION SYSTEMS: PRINCIPLES/APPLICATIONS,4,EC,3
CIS111,RESEARCH PROCESS USING COMPUTER RESOURCE,1,Not Transferable,0
CIS112,THE TECHNOLOGY OF THE SMARTPHONE,1,Not Transferable,0
CIS115,CYBERSPACE ETHICS AND SECURITY,2,Not Transferable,0
CIS121,COBOL I,3,EC,3
CIS122,COBOL II,3,EC,3
CIS130,APPLIED COMPUTER STUDIES,3,21198100,3
CIS151,HTML PROGRAMMING,3,PENDING,0
CIS152,JAVA SCRIPT FOR THE WEB,3,PENDING,0
CIS180,UNIX INTRODUCTION AND USAGE,3,EC,3
CIS181,LINUX/UNIX ESSENTIALS,3,Not Transferable,0
CIS181,LINUX/UNIX ESSENTIALS,3,Not Transferable,0
CIS182,UNIX OPERATING SYSTEMS DESIGN II,3,EC,3
CIS187,LINUX/UNIX ADMINISTRATION I,3,Not Transferable,0
CIS191,INTERNET: TOOLS AND TECHNIQUES,3,EC,3
CIS192,PRACTICAL APPLICATIONS OF WEBSITE MANAGEMENT,3,PENDING,0
CIS201,ADVANCED SPREADSHEETS,3,EC,3
CIS202,DECISION SUPPORT,3,EC,3
CIS206,ADVANCED COMPUTER CONCEPTS/APPLICATIONS,3,Not Transferable,0
CIS206,ADVANCED COMPUTER CONCEPTS/APPLICATIONS,3,Not Transferable,0
CIS210,INFORMATION SYSTEMS CONCEPT,3,EC,3
CIS210,MANAGEMENT OF INFORMATION SYSTEMS,3,Not Transferable,0
CIS222,COBOL II,3,EC,3
CIS225,PROJECT MANAGEMENT ESSENTIALS,3,Not Transferable,0
CIS225,PROJECT MANAGEMENT ESSENTIALS,3,Not Transferable,0
CIS225,PROJECT MANAGEMENT ESSENTIALS,3,Not Transferable,0
CIS231,SYSTEM ANALYSIS AND DESIGN,3,EC,3
CIS234,SQL SERVER ON LINUX,3,Not Transferable,0
CIS235,SQL FUNDAMENTALS I,3,EC,3
CIS235,SQL FUNDAMENTALS I,3,Not Transferable,0
CIS236,SQL FUNDAMENTALS II,3,EC,3
CIS236,ADVANCED SQL,3,Not Transferable,0
CIS237,RELATIONAL DATABASE CONCEPTS,3,EC,3
CIS237,RELATIONAL DATABASE CONCEPTS,3,Not Transferable,0
CIS237,RELATIONAL DATABASE CONCEPTS,3,Not Transferable,0
CIS238,DATABASE SECURITY AND PROTECTION,3,EC,3
CIS238,DATABASE SECURITY AND PROTECTION,3,Not Transferable,0
CIS238,DATABASE SECURITY AND PROTECTION,3,Not Transferable,0
CIS239,DATABASE ADMINISTRATION PRINCIPLES,3,Not Transferable,0
CIS241,RELATIONAL DATABASE MANAGEMENT I,3,EC,3
CIS242,RELATIONAL DATABASE MANAGEMENT II,3,EC,3
CIS243,RELATIONAL DATABASE MANAGEMENT III,3,PENDING,0
CIS245,DATABASE ADMINISTRATION USING ORACLE,3,PENDING,0
CIS246,DATABASE ADMINISTRATION USING ORACLE II,3,PENDING,0
CIS282,UNIX OSD: DISK SUBSYSTEM,3,EC,3
CIS283,UNIX OSD: MEMORY AND PROCESSES,3,EC,3
CIS284,SHELL PROGRAMMING UNDER LINUX/UNIX,3,EC,3
CIS285,LINUX/UNIX NETWORKING AND SECURITY,3,Not Transferable,0
CIS285,LINUX/UNIX NETWORKING AND SECURITY,3,Not Transferable,0
CIS287,TCP/IP COMMUNICATIONS/UNIX,3,EC,3
CIS288,LINUX/UNIX ADMINISTRATION II,3,Not Transferable,0
CIS288,LINUX SYSTEM ADMINISTRATION,3,Not Transferable,0
CIS289,LINUX SYSTEM AND SERVICES,3,Not Transferable,0
CIS289,LINUX SYSTEM AND SERVICES,3,Not Transferable,0
CMT101,CONSTUCTION MANAGEMENT I,3,Not Transferable,0
CMT102,CONSTRUCTION MANAGEMENT II,3,Not Transferable,0
CMT201,CONSTRUCTION SUPERVISION,3,Not Transferable,0
CMT202,CONSTRUCTION MANAGEMENT SEMINAR,3,Not Transferable,0
COL010,THE COLLEGE EXPERIENCE,3,Not Transferable,0
COL011,COLLEGE SUCCESS,2,Not Transferable,0
COM101,INFLUENCE OF MASS MEDIA,3,EC,3
COM102,THEORY OF COMMUNICATIONS,3,EC,3
COM103,NEWS WRITING AND REPORTING,3,EC,3
COM104,INTRODUCTION TO PUBLIC RELATIONS,3,EC,3
COM105,MEDIA LITERACY,3,04567EC,3
COM106,LIVING IN A NETWORKED WORLD,3,Not Transferable,0
COM111,SEMANTICS,3,EC,3
COM112,COMMUNICATION SKILLS,3,EC,3
COM121,ARTS AND THE MEDIA,3,EC,3
COM131,DESKTOP PUBLISHING,3,EC,3
COM141,INTRODUCTION TO BROADCASTING I,3,EC,3
COM142,INTRODUCTION TO BROADCASTING II,3,EC,3
COM143,INTRODUCTION TO ELECTRONIC MEDIA,3,Not Transferable,0
COM145,INTERCULTURAL COMMUNICATION,3,25705233,3
COM150,SPORTSCASTING,3,Not Transferable,0
COM151,SPORTSCASTING PRACTICUM I,1,Not Transferable,0
COM196,PHOTOJOURNALISM INTERNSHIP,3,Not Transferable,0
COM197,INDEPENDENT STUDY - COMMUNICATIONS,3,EC,3
COM198,CO-OP I: COMMUNICATIONS,3,Not Transferable,0
COM199,CO-OP II: COMMUNICATIONS,3,Not Transferable,0
COM201,ELECTRONIC NEWS REPORTING,3,PENDING,0
COM203,WRITING FOR ELECTRONIC MEDIA,3,Not Transferable,0
COM204,"WRITING, EDITING AND LAYOUT - PRINT MEDIA",3,04567EC,3
COM205,AUDIO PRODUCTION,3,PENDING,0
COM206,VIDEO FIELD PRODUCTION,3,PENDING,0
COM207,EXPERIMENTAL VIDEO,3,Not Transferable,0
COM208,PUBLIC RELATIONS: DIGITAL MARKETING,3,Not Transferable,0
COM213,MULTIMEDIA EDITING LAB II,2,Not Transferable,0
CRJ101,ADMINISTRATION OF JUSTICE,3,EC,3
CRJ103,LEGAL SYSTEMS,3,EC,3
CRJ103,LEGAL SYSTEMS,3,Not Transferable,0
CRJ104,JUVENILE DELINQUENCY,3,EC,3
CRJ105,CRIMINAL LAW,3,EC,3
CRJ106,CONTEMPORARY CORRECTIONS,3,EC,3
CRJ106,CONTEMPORARY CORRECTIONS,3,Not Transferable,0
CRJ107,INTRODUCTION TO PROBATION AND PAROLE,3,EC,3
CRJ107,INTRODUCTION TO PROBATION AND PAROLE,3,Not Transferable,0
CRJ108,COMMUNITY POLICING,3,EC,3
CRJ108,COMMUNITY POLICING,3,Not Transferable,0
CRJ120,INTRODUCTION TO HOMELAND SECURITY,3,EC,3
CRJ120,INTRODUCTION TO HOMELAND SECURITY,3,Not Transferable,0
CRJ200,CO-OP I: CRIMINAL JUSTICE,3,PENDING,0
CRJ203,PRINCIPLES OF INVESTIGATION,3,EC,3
CRJ203,PRINCIPLES OF INVESTIGATION,3,Not Transferable,0
CRJ204,MULTICULTURAL LAW ENFORCEMENT,3,Not Transferable,0
CRJ205,ORGANIZED CRIME/TERRORISM ACT,3,EC,3
CRJ206,ORGANIZED CRIME,3,PENDING,0
CRJ207,TERRORISM,3,EC,3
CRJ207,TERRORISM,3,Not Transferable,0
CRJ211,INTRODUCTION TO LOSS PREVENTION,3,EC,3
CRJ220,RISK MANAGEMENT AND ANALYSIS,3,01202EC,3
CRJ230,VICTIMOLOGY,3,01202EC,3
CRJ241,FUNDAMENTALS OF CORPORATE SECURITY,3,Not Transferable,0
CRJ251,CRIME ASSESSMENT,3,EC,3
CRJ252,INTELLIGENCE LED POLICING,3,PENDING,0
CRJ253,CRIMINAL INVESTIGATIVE ANALYSIS,3,PENDING,0
CRJ254,CRIME MAPPING,3,EC,3
CRJ256,QUATITATIVE RESEARCH IN CRIMINAL JUSTICE,3,EC,3
CRJ260,CYBERCRIME INVESTIGATION,3,PENDING,0
CSC100,FUNDAMENTALS OF PROGRAMMING,4,Not Transferable,0
CSC101,COMPUTER LITERACY,3,01198110,3
CSC102,INFORMATION LITERACY IN DIGITAL ERA,3,Not Transferable,0
CSC102H,HONORS INFORMATION LITERACY IN A DIGITAL AGE,3,Not Transferable,0
CSC103,ELEMENTS OF COMPUTER SCIENCE,3,Not Transferable,0
CSC104,INFORMATION SYSTEMS PRINCIPLES AND APPLICATIONS,4,EC,3
CSC105,FUNDAMENTALS OF PROGRAMMING,4,PENDING,0
CSC106,"DATA SECURITY, PRIVACY, AND ETHICS",3,Not Transferable,0
CSC111,INTRODUCTION TO PROGRAMMING,3,EC,3
CSC112,INTER QBASIC/INTRO VB,3,EC,3
CSC113,COMPUTER ORGANIZATION,3,EC,3
CSC120,PROGRAMMING FOR NEW MEDIA,4,Not Transferable,0
CSC121,STRUCTURED PROGRAMMING (C++),4,EC,3
CSC122,COMPUTER SCIENCE I,4,21198101,3
CSC122,COMPUTER SCIENCE I,4,21198101,4
CSC122,COMPUTER SCIENCE I,4,EC,4
CSC131,STRUCTURED PROGRAMMING (C++),3,EC,3
CSC151,HTML PROGRAMMING,3,PENDING,0
CSC152,JAVASCRIPT FOR THE WEB,3,PENDING,0
CSC161,INTRODUCTION TO JAVA,3,EC,3
CSC171,INTRODUCTORY PYTHON PROGRAMMING,3,Not Transferable,0
CSC205,TECHNOLOGY FOR TEACHERS,3,Not Transferable,0
CSC213,VISUAL BASIC I,3,EC,3
CSC214,VISUAL BASIC II,3,EC,3
CSC215,VISUAL BASIC III,3,PENDING,0
CSC222,ADVANCED C LANGUAGE,3,EC,3
CSC223,COMPUTER SCIENCE II,4,21198102,3
CSC223,COMPUTER SCIENCE II,4,21198102,4
CSC223,COMPUTER SCIENCE II,4,21198102,4
CSC224,ADVANCED C++,3,EC,3
CSC225,COMPUTER LABORATORY TECHNIQUES,3,Not Transferable,0
CSC226,PROGRAMMING LANGUAGES,3,04547EC,3
CSC226,PROGRAMMING LANGUAGES,3,04547NM,3
CSC231,OBJECT ORIENTED ANALYSIS/DESIGN,3,PENDING,0
CSC232,ADVANCED C LANGUAGE,3,EC,3
CSC240,COMPUTER ORGANIZATION,3,28198251,3
CSC240,COMPUTER ORGANIZATION,3,28198251,3
CSC241,RELATIONAL DATABASE MANAGEMENT SYSTEM,3,EC,3
CSC242,RELATIONAL DATABASE MANAGEMENT SYSTEMS,3,EC,3
CSC250,ASSEMBLY LANGUAGE,3,EC,3
CSC252,XML AND RELATED TECHNOLOGIES I,3,Not Transferable,0
CSC260,DATA COMMUNICATIONS,3,EC,3
CSC261,ASSEMBLY LANGUAGE,3,EC,3
CSC262,ADVANCED JAVA,3,EC,3
CSC262,ADVANCED JAVA,3,01198NM,3
CSC263,WEB COMPONENT DEVELOPMENT IN JAVA,3,Not Transferable,0
CSC272,DATA SCIENCE APPLICATIONS PROGRAMMING,3,Not Transferable,0
CSCD11,COMPUTER LITERACY (PART I),1,PENDING,0
CST101,MICROCOMPUTER OPERATING SYSTEMS,3,EC,3
CST102,INTRODUCTION TO NETWORKING,3,EC,3
CST103,MICROCOMPUTER OPERATING SYSTEMS I: WORKSTATIONS,3,Not Transferable,0
CST106,MICROCOMPUTER OPERATING SYSTEMS II: SERVER SYSTEMS,3,Not Transferable,0
CST107,ADVANCED OPERATING SYSTEMS - GUI,3,EC,3
CST108,ADVANCED OPERATING SYSTEMS - WIN NT,3,EC,3
CST109,BUILDING/UPGRADING/REPAIRING PCs,3,Not Transferable,0
CST201,ADVANCED NETWORKING,3,EC,3
CST202,COMPUTER LAB INTERNSHIP,3,EC,3
CST204,COMPUTER AND NETWORK SECURITY,3,01198NM,3
CST204,COMPUTER AND NETWORK SECURITY,3,Not Transferable,0
CST210,DIGITAL FORENSICS AND INVESTIGATIONS,3,Not Transferable,0
CST210,DIGITAL FORENSICS AND INVESTIGATIONS,3,Not Transferable,0
CST212,ADVANCED ROUTING AND SWITCHING,3,Not Transferable,0
CST220,ETHICAL HACKING AND PENETRATION TESTING,3,Not Transferable,0
CST220,ETHICAL HACKING AND PENETRATION TESTING,4,Not Transferable,0
CST220,ETHICAL HACKING AND PENETRATION TESTING,4,Not Transferable,0
DAN101,DANCE APPRECIATION,3,21001100,3
DAN110,TAP DANCE II,3,Not Transferable,0
DAN111,BALLET I,3,EC,3
DAN112,BALLET II,3,EC,3
DAN115,HIP HOP I,3,Not Transferable,0
DAN120,HIP HOP II,3,Not Transferable,0
DAN121,JAZZ I,3,EC,3
DAN222,JAZZ II,3,EC,3
DAN231,MODERN DANCE I,3,EC,3
DAN232,MODERN DANCE II,3,EC,3
DAN241,DANCE/MUSICAL THEATRE,3,EC,3
DAS110,DA I - CHAIRSIDE ASSISTING,6,EC,3
DAS111,FUNDAMENTALS OF CHAIRSIDE ASSISTING,7,Not Transferable,0
DAS112,DAS XII - EXPANDED FUNCTIONS,2,Not Transferable,0
DAS115,PHARMACOLOGY,1,EC,1
DAS120,DENTAL RADIOLOGY,4,EC,3
DAS125,PREVENTIVE DENTISTRY,3,EC,3
DAS130,DENTAL ANATOMY,2,EC,2
DAS140,DA IV - BIOLOGICAL SCIENCES,3,EC,3
DAS141,BIOLOGICAL SCIENCE FOR THE DENTAL ASSISTANT,1,Not Transferable,0
DAS142,STERILIZATION AND INFECTION CONTROL,1,Not Transferable,0
DAS143,INFECTION CONTROL FOR THE DENTAL ASSISTANT,2,Not Transferable,0
DAS150,DENTAL ANATOMY FOR DENTAL ASSISTING,2,Not Transferable,0
DAS151,DENTAL LAB PROCEDURES I,2,EC,2
DAS152,DENTAL LAB PROCEDURES II,2,EC,2
DAS160,SUPERVISED CLINICAL EXPERIENCE,6,EC,3
DAS170,MEDICAL EMERGENCIES IN THE DENTAL OFFICE,1,EC,1
DAS180,OFFICE ADMINISTRATION,2,EC,2
DAS190,ORAL PATHOLOGY,1,EC,1
DASX02,DENTAL RADIOLOGY,3,EC,3
DHH101,EFFECTIVE COMMUNICATION I,3,Not Transferable,0
DHH122,CAREER AND LIFE PLANNING,3,Not Transferable,0
DHY111,DENTAL HYGIENE I SEMINAR,2,EC,2
DHY120,DENTAL RADIOLOGY,4,EC,3
DHY121,DENTAL HYGIENE I,4,EC,3
DHY122,DENTAL HYGIENE II SEMINAR,2,EC,2
DHY130,DENTAL ANATOMY,2,EC,2
DHY132,HEAD AND NECK SCIENCES,3,EC,3
DHY142,PERIODONTICS I,2,EC,2
DHY151,DENTAL HYGIENE I PRE-CLINIC,2,EC,2
DHY152,DENTAL HYGIENE II CLINIC,3,EC,3
DHY162,DENTAL LAB PROCEDURES,2,EC,2
DHY170,MEDICAL EMERGENCIES IN THE DENTAL OFFICE,1,EC,1
DHY172,HEAD AND NECK ANATOMY,2,Not Transferable,0
DHY212,COMMUNITY DENTISTRY,2,EC,2
DHY222,DENTAL OFFICE ADMINISTRATION,1,EC,1
DHY223,DENTAL HYGIENE III SEMINAR,2,EC,2
DHY224,DENTAL HYGIENE IV SEMINAR,2,EC,2
DHY233,ADVANCED TECHNIQUES IN PERIODONTICS,1,Not Transferable,0
DHY243,PERIODONTICS II,2,EC,2
DHY252,LOCAL DENTAL ANESTHESIOLOGY,2,Not Transferable,0
DHY253,DENTAL HYGIENE III CLINIC,6,EC,3
DHY254,DENTAL HYGIENE IV CLINIC,4,EC,3
DHY261,PATHOLOGY,2,EC,2
DHY262,"ETHICS, JURISPRUDENCE AND PRACTICE MANAGEMENT",1,Not Transferable,0
DHY271,PHARMACOLOGY AND ANESTHESIOLOGY,2,EC,2
DSC101,DATA SCIENCE I,3,Not Transferable,0
DSC102,DATA SCIENCE II,3,Not Transferable,0
DSC203,DATA SCIENCE III,3,Not Transferable,0
DSC230,STATISTICAL AND MACHINE LEARNING,3,Not Transferable,0
DSC250,DATA VISUALIZATION AND PRESENTATION,3,Not Transferable,0
DSC280,DATA IN CONTEXT-A CAPSTONE EXPERIENCE,3,Not Transferable,0
DSJ101,GATEWAY TO SOCIAL JUSTICE,3,Not Transferable,0
DSJ280,SERVICE + RESEARCH FOR SOCIAL JUSTICE,3,Not Transferable,0
DTT100,HEALTH FIELD ORIENTATION,2,EC,2
DTT110,PRINCIPLES OF FOOD SERVICE MANAGEMENT,3,EC,3
DTT120,FOOD SCIENCE,3,EC,3
DTT130,LIFE CYCLE NUTRITION,3,EC,3
DTT141,SUPERVISED FIELD EXPERIENCE I,3,EC,3
DTT150,TECHNIQUES OF TEACHING NUTRITION,3,EC,3
DTT160,FOOD SYSTEMS MANAGEMENT,3,EC,3
DTT211,THERAPEUTIC NUTRITION I,3,EC,3
DTT212,THERAPEUTIC NUTRITION II,3,EC,3
DTT220,QUANTITY FOOD PRODUCTION,3,EC,3
DTT242,SUPERVISED FIELD EXPERIENCE II,3,Not Transferable,0
DTT243,SUPERVISED FIELD EXPERIENCE III,4,Not Transferable,0
ECO101,MACROECONOMICS,3,EC,3
ECO102,MICROECONOMICS,3,EC,3
ECO120,WORLD ECONOMIC GEOGRAPHY,3,EC,3
ECO121,MONEY AND BANKING,3,EC,3
ECO310,THE ECONOMICS OF AGING,3,EC,3
EDM110,INTRODUCTION TO PUBLIC SAFETY,3,01202EC,3
EDM240,INTRODUCTION TO EMERGENCY DISASTER MANAGEMENT,3,Not Transferable,0
EDM241,OPERATIONAL SECURITY,3,Not Transferable,0
EDU100,TEACHING: INTRODUCTION TO THE PROFESSION,3,PENDING,0
EDU101,HISTORICAL TRENDS IN AMERICAN EDUCATION,3,EC,3
EDU102,HUMAN EXCEPTIONALITY,3,Not Transferable,0
EDU103,LITERACY IN TODAY'S WORLD,3,Not Transferable,0
EDU104,LEARNING COMMUNITIES I,3,Not Transferable,0
EDU105,EDUCATIONAL TECHNOLOGY,1,Not Transferable,0
EDU105,EDUCATIONAL TECHNOLOGY,2,Not Transferable,0
EDU106,INCLUSIVE CLASS: PEDAGOGY AND ELEMENTARY SEMINAR,3,Not Transferable,0
EDU111,FOUNDATIONS OF EDUCATION,3,EC,3
EED105,"CHILDREN'S HEALTH, NUTRITION AND SAFETY",3,EC,3
EED110,EARLY CHILDHOOD CURRICULUM,3,EC,3
EED112,INCLUSIVE CLASS:PEDAGOGY AND ECE SEMINAR,3,Not Transferable,0
EED115,CHILD DEVELOPMENT AND LEARNING,3,EC,3
EED120,LANGUAGE ARTS FOR THE PRESCHOOL CHILD,3,EC,3
EED205,CREATIVE ARTS EARLY CHILDHOOD LEARNERS,3,EC,3
EED210,MATH/SCIENCE FOR THE PRESCHOOL CHILD,3,EC,3
EED220,BEHAVIOR MANAGEMENT,3,EC,3
EED230,APPLIED PRESCHOOL EXPERIENCE,3,Not Transferable,0
EED230,Applied Preschool Experience,3,Not Transferable,0
EED240,SOCIAL AND EMOTIONAL DEVELOPMENT - INFANT/TODDLER,3,EC,3
EET101,ELECTRICAL AND ELECTRONIC PRINCIPLES,4,Not Transferable,0
EET102,ELECTRONIC MEASURE,3,Not Transferable,0
EET105,INTRODUCTION TO ELECTRICITY AND ELECTRONICS,3,Not Transferable,0
EET201,ELECTRICAL CIRCUITS,3,Not Transferable,0
EET203,ELECTRONIC INSTRUMENT,3,Not Transferable,0
EET204,ELECTRONIC MEASURE,4,Not Transferable,0
EET211,ELECTRONICS I,3,Not Transferable,0
EET212,ELECTRONICS II,3,Not Transferable,0
EET213,ELECTRONIC COMMUNICATIONS,3,Not Transferable,0
EET221,DIGITAL CIRCUITS,3,Not Transferable,0
EET222,MICROCOMPUTERS,3,Not Transferable,0
EET241,ROBOTICS,3,Not Transferable,0
EET242,ADVANCED ROBOTICS,3,Not Transferable,0
EET251,ELECTRONIC PROJECTS,3,Not Transferable,0
EGR101,INTRODUCTION TO ENGINEERING,2,Not Transferable,0
EGR103,TECHNICAL DRAWING,3,Not Transferable,0
EGR201,STATICS,3,EC,3
EGR201,STATICS,3,Not Transferable,0
EGR202,DYNAMICS,3,EC,3
EGR208,CO-OP I: ENGINEERING,3,EC,3
EGR209,CO-OP II: ENGINEERING,3,EC,3
EGR211,ENGINEERING CIRCUITS ANALYSIS,4,EC,4
EGR250,ELECTRICAL/COMPUTER ENGINEERING CONCEPT: DIGITAL,3,Not Transferable,0
EGR251,ELECTRICAL/COMPUTER ENGINEERING CONCEPT:ELECTRONIC,3,Not Transferable,0
EHR101,INTRO TO HEALTH CARE AND PUBLIC HEALTH,2,Not Transferable,0
EHR102,THE CULTURE OF HEALTHCARE,2,Not Transferable,0
EHR103,TERMINOLOGY IN HEALTHCARE,2,Not Transferable,0
EHR104,INTRO TO INFORMATION AND COMPUTER SCIENCE,2,Not Transferable,0
EHR106,HEALTH MANAGEMENT INFORMATION SYSTEMS,2,Not Transferable,0
EHR107,WORKING WITH HEALTH IT SYSTEMS,2,Not Transferable,0
EHR108,INSTALLATION AND MAINTENANCE HEALTH IT SYSTEMS,2,Not Transferable,0
EHR109,NETWORKING AND HEALTH INFORMATION EXCHANGE,2,Not Transferable,0
EHR110,HEALTH WORKFLOW PROCESS ANALYSIS AND REDESIGN,2,Not Transferable,0
EHR111,CONFIGURING EHRs,2,Not Transferable,0
EHR112,QUALITY IMPROVEMENT IN HEALTH IT,2,Not Transferable,0
EHR114,VENDOR-SPECIFIC EHR SOFTWARE,2,Not Transferable,0
EHR115,USABILITY AND HUMAN FACTORS,2,Not Transferable,0
EHR116,PROFESSIONAL/CUSTOMER SERVICE HEALTH ENVIRONMENT,2,Not Transferable,0
EHR120,TRAINING AND INSTRUCTIONAL DESIGN,2,Not Transferable,0
EKG101,ELECTROCARDIOGRAPHY,3,Not Transferable,0
EMT100,EMERGENCY MEDICAL TECHNICIAN,5,Not Transferable,0
EMT101,EMERGENCY MEDICAL TECHNICIAN,6,Not Transferable,0
ENG101,ENGLISH COMPOSITION I,3,EC,3
ENG101H,HONORS ENGLISH COMPOSITION I,3,01355100,3
ENG102,ENGLISH COMPOSITION II,3,EC,3
ENG102H,HONORS ENGLISH COMPOSITION II,3,01355101,3
ENG105,OFFICE COMMUNICATIONS,3,Not Transferable,0
ENG111,HONORS ENGLISH COMPOSITION I,3,EC,3
ENG112,HONORS ENGLISH COMPOSITION II,3,EC,3
ENG121,INTRODUCTION TO LITERATURE,3,EC,3
ENG121,Introduction to Literature,3,EC,3
ENG131,SHAKESPEARE,3,EC,3
ENG131,Shakespeare,3,EC,3
ENG133,ITALIAN LITERATURE IN TRANSLATION,3,EC,3
ENG141,THE SHORT STORY,3,EC,3
ENG151,BLACK EXPERIENCE IN LITERATURE,3,EC,3
ENG161,CONTEMPORARY LITERATURE,3,EC,3
ENG171,HONORS WORLD LITERATURE I,3,EC,3
ENG172,HONORS WORLD LITERATURE II,3,EC,3
ENG181,WOMEN'S LITERATURE,3,EC,3
ENG181,WOMEN'S LITERATURE,3,EC,3
ENG191,MYTHS OF THE WORLD,3,EC,3
ENG191,MYTHS OF THE WORLD,3,EC,3
ENG192,TOPICS IN LITERATURE,3,EC,3
ENG210,ENGLISH GRAMMAR,3,EC,3
ENG211,ADVANCED COMPOSITION,3,EC,3
ENG221,CREATIVE WRITING,3,EC,3
ENG225,CHILDREN'S LITERATURE,3,EC,3
ENG225,CHILDREN'S LITERATURE,3,EC,3
ENG241,TECHNICAL WRITING,3,EC,3
ENG261,ENGLISH LITERATURE I,3,EC,3
ENG261,English Literature I,3,EC,3
ENG262,ENGLISH LITERATURE II,3,EC,3
ENG262,English Literature II,3,EC,3
ENG265,THE FICTION OF J.R.R. TOLKIEN,3,01350EC,3
ENG266,IRISH LITERATURE,3,01350EC,3
ENG271,WORLD LITERATURE I,3,EC,3
ENG271,World Literature I,3,EC,3
ENG271H,HONORS WORLD LITERATURE I,3,01195101,3
ENG271H,Honors World Literature I,3,EC,3
ENG272,WORLD LITERATURE II,3,EC,3
ENG272,World Literature II,3,EC,3
ENG272H,HONORS WORLD LITERATURE II,3,01195EC,3
ENG272H,Honors World Literature II,3,EC,3
ENG281,AMERICAN LITERATURE I,3,EC,3
ENG281,American Literature I,3,EC,3
ENG281H,HONORS AMERICAN LITERATURE I,3,EC,3
ENG281H,Honors American Literature I,3,EC,3
ENG282,AMERICAN LITERATURE II,3,EC,3
ENG282,American Literature II,3,EC,3
ENG282H,HONORS AMERICAN LITERATURE II,3,EC,3
ENG282H,Honors American Literature II,3,EC,3
ESL026,ESL WRITING IV,3,Not Transferable,0
ESL027,ESL WRITING V,3,Not Transferable,0
ESL034,ESL READING IV,3,Not Transferable,0
ESL042,ESL GRAMMAR II,3,Not Transferable,0
ESL044,ESL GRAMMAR IV,3,Not Transferable,0
ESL060,INTRODUCTION TO ESL WRITING AND GRAMMAR,4,Not Transferable,0
ESL070,INTRODUCTION TO ESL READING AND VOCABULARY,4,Not Transferable,0
ESL080,INTRODUCTION TO ESL LISTENING AND SPEAKING,4,Not Transferable,0
ESP101,INTRODUCTION TO ESPORTS,3,Not Transferable,0
ESP102,HISTORY OF ESPORTS AND GAMING,3,Not Transferable,0
ESP111,ESPORTS EVENT MANAGEMENT,3,Not Transferable,0
ESP112,BUSINESS SUCCESS IN ESPORTS,3,Not Transferable,0
ESP113,SOCIOCULTURAL INFLUENCES ON ESPORTS,3,Not Transferable,0
ESP114,GROUP DYNAMICS OF ESPORTS,3,Not Transferable,0
ESP198,ESPORTS INTERNSHIP,3,Not Transferable,0
FIN200,CORPORATE FINANCE II,3,EC,3
FIN201,INVESTMENT PRINCIPLES,3,EC,3
FIN202,INVESTMENT ANALYSIS,3,EC,3
FIN212,PRINCIPLES OF FINANCE,3,33011203,3
FIN212,PRINCIPLES OF FINANCE,3,33011203,3
FIN213,CORPORATE FINANCE,3,EC,3
FIN214,INSURANCE PRINCIPLES,3,EC,3
FIN215,REAL ESTATE SALES,5,EC,3
FIN216,BANK MANAGEMENT,3,EC,3
FIR101,FUNDAMENTALS OF FIRE BEHAVIOR/PROTECTION,3,Not Transferable,0
FIR102,FUND OF FIRE PREVENTION/FIRE INSPECTOR I,3,Not Transferable,0
FIR106,NEW JERSEY FIREFIGHTER II,3,Not Transferable,0
FIR111,BUILDING CODES AND STANDARDS,3,Not Transferable,0
FIR121,FIRE FIGHTING TACTICS AND STRATEGY,3,Not Transferable,0
FIR125,FIRE FIGHTER SAFETY AND SURVIVAL,3,Not Transferable,0
FIR201,FIRE PROTECTION SYSTEMS,3,Not Transferable,0
FIR202,FIRE INVESTIGATION,3,Not Transferable,0
FIR211,BUILDING CONSTRUCTION FOR FIRE SERVICE,3,Not Transferable,0
FIR212,FIRE OFFICIAL,3,Not Transferable,0
FIR221,HYDRAULIC TECHNOLOGY,4,Not Transferable,0
FIR222,FIRE INSPECTOR II,3,Not Transferable,0
FIR222,FIRE INSPECTOR II,3,Not Transferable,0
FIR225,HYDRAULICS,3,Not Transferable,0
FIR231,ORGANIZATION AND MANAGEMENT OF FIRE DEPARTMENTS,3,Not Transferable,0
FIR232,NEW JERSEY FIRE OFFICER II,4,Not Transferable,0
FIR235,NJ FIRE OFFICER I,3,Not Transferable,0
FIR241,HAZARDOUS MATERIALS,3,Not Transferable,0
FIR251,FIRE SERVICE INSTRUCTION TECHNIQUES AND METHODS,3,Not Transferable,0
FIR252,ARSON/LAW AND COURT PROCEDURES,3,Not Transferable,0
FIR253,SUB CODE OFFICIAL,3,Not Transferable,0
FIR254,CO-OP I: FIRE SCIENCE,3,Not Transferable,0
FIR255,CO-OP II: FIRE SCIENCE,3,Not Transferable,0
FLM101,TELEVISION APPRECIATION,3,Not Transferable,0
FLM105,FILM BASIC:STRUCTURE LIGHT SOUND SPACE,3,EC,3
FLM110,FILMMAKING I,3,Not Transferable,0
FLM201,FILM APPRECIATION,3,01354201,3
FLM201H,HONORS FILM APPRECIATION,3,EC,3
FLM205,MOTION GRAPHICS,3,Not Transferable,0
FLM205,FILM ANIMATION I,3,Not Transferable,0
FLM206,MEDIA PRESENTATION,3,Not Transferable,0
FLM210,FILMMAKING II,3,Not Transferable,0
FLM210,Filmmaking II,3,Not Transferable,0
FLM215,PRODUCTION INTERNSHIP I,3,Not Transferable,0
FLM220,PRODUCTION INTERNSHIP II,3,Not Transferable,0
FNS100,DIETETIC FOUNDATIONS,3,Not Transferable,0
FNS105,INTRODUCTION TO NUTRITION,3,PENDING,0
FNS106,FOUNDATIONS OF NUTRITIONAL SCIENCE,3,11709255,3
FNS107,NUTRITION FOR THE HEALTH CARE PROFESSIONAL,3,EC,3
FNS110,FOOD SERVICE MANAGEMENT,3,Not Transferable,0
FNS115,FOOD SAFETY TRAINING,1,Not Transferable,0
FNS130,LIFE CYCLE NUTRITION,3,11709255,3
FNS150,FOOD SCIENCE,3,Not Transferable,0
FNS200,COMMUNITY NUTRITION ROTATION,3,Not Transferable,0
FNS210,FOOD SERVICE OPERATIONS,3,Not Transferable,0
FNS211,THERAPEUTIC NUTRITION I,3,Not Transferable,0
FNS212,THERAPEUTIC NUTRITION II,3,Not Transferable,0
FNS220,QUANTITY FOOD PRODUCTION,3,Not Transferable,0
FNS221,QUANTITY FOOD PRODUCTION,4,Not Transferable,0
FNS230,CULINARY TECHNOLOGY ROTATION,3,Not Transferable,0
FNS240,FOOD SERVICE ROTATION,3,Not Transferable,0
FNS245,NUTRITION MANAGER ROTATION,3,Not Transferable,0
FNS250,CLINICAL NUTRITION ROTATION,3,Not Transferable,0
FRE101,ELEMENTARY FRENCH I,3,EC,3
FRE102,ELEMENTARY FRENCH II,3,EC,3
FRE201,INTERERMEDIATE FRENCH I,3,EC,3
FRE202,INTERERMEDIATE FRENCH II,3,EC,3
FRE203,INTRODUCTION TO FRENCH CULTURE,3,PENDING,0
FSC110,INTRODUCTION TO FORENSIC OSTEOLOGY,4,Not Transferable,0
FSC120,INTRODUCTION TO FORENSIC TOXICOLOGY,4,Not Transferable,0
GEO101,CULTURAL GEOGRAPHY,3,EC,3
GEO104,GEOGRAPHY OF US AND CANADA,3,01450EC,3
GER101,ELEMENTARY GERMAN I,3,EC,3
GER102,ELEMENTARY GERMAN II,3,EC,3
GER201,INTERERMEDIATE GERMAN I,3,EC,3
GER202,INTERMEDIATE GERMAN II,3,EC,3
GRK101,ELEMENTARY CLASSICAL GREEK I,3,EC,3
GRK102,ELEMENTARY CLASSICAL GREEK II,3,EC,3
HIS101,WORLD CIVILIZATION I,3,EC,3
HIS101H,HONORS WORLD CIVILIZATION I,3,01506EC,3
HIS102,WORLD CIVILIZATION II,3,EC,3
HIS102H,HONORS WORLD CIVILIZATION II,3,01506EC,3
HIS103,WORLD CIVILIZATION III,3,EC,3
HIS106,HONORS WORLD CIVILIZATION I,3,EC,3
HIS107,HONORS WORLD CIVILIZATION II,3,EC,3
HIS108,HONORS WORLD CIVILIZATION III,3,EC,3
HIS111,WESTERN CIVILIZATION I,3,EC,3
HIS112,WESTERN CIVILIZATION II,3,EC,3
HIS113,WESTERN CIVILIZATION III,3,EC,3
HIS121,US HISTORY I,3,EC,3
HIS122,US HISTORY II,3,EC,3
HIS124,AMERICAN SOCIAL HISTORY,3,EC,3
HIS125,SOCIAL AND INTELLECTUAL HISTORY,3,EC,3
HIS127,TOPICS IN AMERICAN HISTORY,3,EC,3
HIS131,AFRICAN-AMERICAN HISTORY I,3,EC,3
HIS132,AFRICAN-AMERICAN HISTORY II,3,EC,3
HIS135,ANCIENT EGYPTIAN HISTORY,3,EC,3
HIS141,HISTORY OF TECHNOLOGY,3,EC,3
HIS142,THE HISTORY OF AMERICAN WOMEN,3,EC,3
HIS150,TOPICS IN HISTORY,3,EC,3
HIS151,"AMERICAN HISTORY IN THE 1950'S - 1960'S,",3,PENDING,0
HIT100,HEALTH INFORMATION TECHNOLOGY I,3,Not Transferable,0
HIT101,INTRODUCTION TO HEALTH INFORMATION,3,Not Transferable,0
HIT105,"HEALTHCARE DATA, CONT AND STRUCTURE",3,Not Transferable,0
HIT110,HEALTH INFORMATICS,4,Not Transferable,0
HIT115,HEALTHCARE REIMBURSEMENT,3,Not Transferable,0
HIT120,MEDICAL TERMINOLOGY,3,Not Transferable,0
HIT125,MEDICAL TRANSCRIPTION I,3,Not Transferable,0
HIT130,INTRODUCTION TO AMBULATORY CODING,3,Not Transferable,0
HIT132,BASIC PHARMACOLOGY,3,Not Transferable,0
HIT134,BASIC PATHOPHYSIOLOGY,3,Not Transferable,0
HIT135,MEDICAL CODING INTERNSHIP,2,Not Transferable,0
HIT140,DIAGNOSTIC AND PROCEDURAL CODING I,3,Not Transferable,0
HIT150,TECHNICAL PRACTICE EXPERIENCE,1,Not Transferable,0
HIT160,CANCER REGISTRY ORGANIZATION AND OPERATION,3,Not Transferable,0
HIT200,STATISTICS FOR HEALTH INFORMATION TECHNOLOGY,3,Not Transferable,0
HIT202,STATISTICAL METHODS FOR HEALTH INFORMATION,3,Not Transferable,0
HIT205,LEGAL AND ETHICAL ISSUES IN HIT,2,Not Transferable,0
HIT205,LEGAL AND ETHICAL ISSUES IN HIT,3,Not Transferable,0
HIT210,HEALTH INFORMATION TECH II,4,Not Transferable,0
HIT215,ADVANCED AMBULATORY CODING,3,Not Transferable,0
HIT220,PROFESSIONAL PRACTICE EXP,2,Not Transferable,0
HIT220,PROFESSIONAL PRACTICE EXPERIENCE,1,Not Transferable,0
HIT225,MEDICAL TRANSCRIPTION II,3,Not Transferable,0
HIT230,MEDICAL TRANSCRIPTION PRACTICUM,3,Not Transferable,0
HIT235,ORGANIZATIONAL RESOURCES - QI AND PI,4,Not Transferable,0
HIT240,DIAGNOSTIC AND PROCEDURAL CODING II,4,Not Transferable,0
HIT255,ONCOLOGY CODING AND STAGING,4,Not Transferable,0
HIT260,CANCER REGISTRY MANAGEMENT,3,Not Transferable,0
HIT265,REGISTRY QA AND EPIDEMIOLOGY,3,Not Transferable,0
HIT270,CANCER REGISTRY CLINICAL,2,Not Transferable,0
HPE100,PERSONAL FITNESS,1,Not Transferable,0
HPE101,INTRODUCTON TO HEALTH AND EXERCISE SCIENCE,3,Not Transferable,0
HPE102,HEALTH AND WELLNESS,3,EC,3
HPE103,SLIMNASTICS,1,EC,1
HPE104,HEALTH AND PERSONAL LIVING,3,EC,3
HPE105,HEALTH/FITNESS CONCEPTS,3,EC,3
HPE106,STRESS MANAGEMENT,3,EC,3
HPE107,BADMINTON,1,EC,1
HPE108,AEROBIC DANCE,1,EC,1
HPE109,PHYSICAL CONDITIONING/POLICE RECRUITS,3,EC,3
HPE110,COED AEROBIC FITNESS EXERCISE,1,EC,1
HPE111,BEGINNING BOWLING,1,EC,1
HPE112,INTERMEDIATE BOWLING,1,EC,1
HPE113,VOLLEYBALL,1,EC,1
HPE114,PERSONALIZED FITNESS,2,EC,2
HPE115,VOLLEYBALL - HES MAJORS,1,EC,1
HPE116,BADMINTON - HES MAJORS,1,EC,1
HPE117,COMMUNITY HEALTH,3,EC,3
HPE118,BADMINTON AND ARCHERY,1,EC,1
HPE119,CARDIO KICKBOXING,1,EC,1
HPE120,FITNESS WITH BALLS AND BANDS,1,Not Transferable,0
HPE121,BEGINNING GOLF,1,EC,1
HPE122,INTERMEDIATE GOLF,1,EC,1
HPE123,TAEKWONDO I,1,Not Transferable,0
HPE124,TAI CHI,1,Not Transferable,0
HPE125,SELF-DEFENSE I,1,Not Transferable,0
HPE126,PILATES BASED CONDITIONING,1,Not Transferable,0
HPE127,EXERCISE TECHNIQUES AND PRESCRIPTION,1,Not Transferable,0
HPE128,TAEKWONDO II,1,Not Transferable,0
HPE129,SPORT NUTRITION,2,01377EC,2
HPE130,CONSUMER HEALTH DECISIONS,3,Not Transferable,0
HPE131,BEGINNING TENNIS,1,EC,1
HPE132,INTERMEDIATE TENNIS,1,EC,1
HPE133,TENNIS - HES MAJORS,1,EC,1
HPE141,HATHA YOGA,1,EC,1
HPE142,INTERMEDIATE HATHA YOGA,1,EC,1
HPE143,INTRODUCTION TO HOLISTIC PRACTICES,1,EC,1
HPE144,MASSAGE THEORY/PRAC,1,EC,1
HPE145,WELLSPRING FITNESS LAB I,1,EC,1
HPE146,WELLSPRING FITNESS LAB II,1,EC,1
HPE147,BASKETBALL,1,EC,1
HPE148,BASEBALL AND SOFTBALL,1,EC,1
HPE151,BEGINNING SWIMMING,1,EC,1
HPE152,ADVANCED SWIMMING,1,EC,1
HPE153,LIFEGUARD TRAINING,3,EC,3
HPE154,AQUAKINETICS,1,EC,1
HPE155,WATER SAFETY INSTRUCTOR,2,EC,2
HPE156,SWIMMING - HES MAJORS,1,EC,1
HPE158,CROSS COUNTRY/JOGGING,1,EC,1
HPE159,SOCCER THEORY,1,EC,1
HPE161,WEIGHT TRAINING,1,EC,1
HPE162,INTERMEDIATE WEIGHT TRAINING,1,EC,1
HPE165,ATHLETIC TRAINING,1,EC,1
HPE170,"FIRST AID, SAFETY AND PREVENTION OF INJURY",3,EC,3
HPE171,EMERGENCY RESPONSE,6,EC,3
HPE175,FOUNDATIONS OF FITNESS,3,EC,3
HPE178,MOTOR DEVELOPMENT AND MOTOR LEARNING,3,Not Transferable,0
HPE180,COMMUNITY CPR/AMERICAN RED CROSS,1,EC,1
HPE181,BASIC LIFE SUPPORT (BLS) - C COURSE - AHA,1,EC,1
HPE182,CPR RECERTIFICATION,1,EC,1
HPE190,CONTEMPORARY ISSUES IN HEALTH,3,Not Transferable,0
HPE191,HANDBALL AND RACQUETBALL,1,EC,1
HPE192,INTERMEDIATE RACQUETBALL,1,EC,1
HPE195,CONCEPTS OF INDIVIDUAL AND DUAL SPORTS,3,PENDING,0
HPE200,MARKETING FOR THE FITNESS PROFESSION,3,Not Transferable,0
HPE201,INTRODUCTION TO SPORT MANAGEMENT,3,PENDING,0
HPE209,INTERNSHIP: SPORTS MANAGEMENT,1,Not Transferable,0
HPE210,INTERNSHIP: PERSONAL TRAINER CERTIFICATE,3,EC,3
HPE210,INTERNSHIP: PERSONAL TRAINER CERTIFICATE,3,Not Transferable,0
HPE211,THEORY/APPLICATION PHYSICAL TRAINING I,4,EC,3
HPE212,THEORY/APPLICATION PHYSICAL TRAINING II,4,EC,3
HPE220,EXERCISE PHYSIOLOGY,4,PENDING,0
HSCC11,RADIOLOGY LICENSE CREDITS,3,EC,3
HSR001,SELF ADVOCACY INDIVIDUALS WITH DEVLP DISABILITIES,3,Not Transferable,0
HSR101,INTRODUCTION TO HUMAN SERVICES,3,EC,3
HSR102,SOCIAL WORK PROCESSES,3,EC,3
HSR103,INTRODUCTION TO COUNSELING,3,EC,3
HSR104,CONTEMPORARY ISSUES IN SOCIAL WELFARE,3,EC,3
HSR105,GROUP DYNAMICS,3,EC,3
HSR106,INTRODUCTION TO MENTAL HEALTH,3,EC,3
HSR107,FIELD WORK,3,EC,3
HSR121,GERONTOLOGY,3,EC,3
HSR122,ELDERLY AND THE LAW,3,EC,3
HSR132,CHILDREN'S HEALTH,3,EC,3
HSR133,CURRICULUM: EARLY CHILDHOOD,3,EC,3
HSR134,QUANTITATIVE CONCEPTS PRE-SCHOOL CHILD,3,EC,3
HSR135,CREATIVE ARTS: EARLY CHILDHOOD LEARNERS,3,EC,3
HSR136,SOCIAL STUDIES/SCIENCE CONCEPTS - PRE-SCHOOL,3,EC,3
HSR137,LANGUAGE ARTS - PRE-SCHOOL,3,EC,3
HSR138,FOOD/NUTRITION - PRE-SCHOOL,3,EC,3
HSR139,BEHAVIOR MANAGEMENT,3,EC,3
HSR140,CHILD DEVELOPMENT: PRE-SCHOOL CHILD,3,EC,3
HSR141,SOCIAL AND EMOTIONAL DEVELOPMENT - INFANT/TODDLER,3,Not Transferable,0
HSR151,SURVEY IN DEVELOPMENTAL DISABILITIES,3,Not Transferable,0
HSR152,HEALTH ISSUES ACROSS THE LIFESPAN,3,PENDING,0
HSR153,DEVELOPMENTAL DISABILITIES PROGRAM PLANNING,3,Not Transferable,0
HSR154,CRITICAL ISSUES IN DEVELOPMENTAL DISABILITIES,3,Not Transferable,0
HTS101,INTRODUCTION TO HOSPITALITY TECHNOLOGY,3,Not Transferable,0
HTS105,HOUSEKEEPING MANAGEMENT,3,Not Transferable,0
HTS115,FOOD SAFETY TRAINING,1,Not Transferable,0
HTS201,FRONT DESK MANAGEMENT,3,Not Transferable,0
HTS205,MEETING AND SPECIAL EVENT PLANNING,3,Not Transferable,0
IDY100,MILITARY SCIENCE: LEADERSHIP /PERSONAL DEVELOPMENT,3,Not Transferable,0
IDY102,MILITARY SCIENCE: FOUNDATIONS IN LEADERSHIP,3,Not Transferable,0
IDY200,MILITARY SCIENCE: INNOVATIVE TACTICAL LEADERSHIP,3,Not Transferable,0
IDY203,SOCIAL ISSUES IN LITERATURE,3,EC,3
IDY205,THE HOLOCAUST,3,EC,3
IDY206,THE HOLOCAUST SEMINAR,1,EC,1
IDY207,THE HOLOCAUST WORKSHOP,1,EC,1
IDY208,LIBERAL STUDIES WORKSHOP,1,Not Transferable,0
IDY209,ACADEMIC INTEREST WORKSHOP,1,Not Transferable,0
IDY211,CO-OP I: LIBERAL ARTS,3,Not Transferable,0
IDY212,CO-OP II: LIBERAL ARTS,3,Not Transferable,0
IDY213,CO-OP I: LIBERAL ARTS,1,Not Transferable,0
IEP201,AMERICAN SIGN LANGUAGE FOR INTERPRETERS,3,EC,3
IEP202,CONSECUTIVE INTERPRETING,3,EC,3
IEP203,SIMULTANEOUS INTERPRETING,3,EC,3
IEP204,INTERPRETING SEMINAR,3,EC,3
IEP205,VOICING,3,EC,3
IEP206,INTERPRETING LAB,3,EC,3
IEP206,INTERPRETING OVERVIEW,3,Not Transferable,0
IEP207,INTERPRETING PRACTICUM,3,EC,3
IEP208,TWO-WAY BILINGUAL IMMERSION,3,EC,3
IEP209,INTERPRETING IN SPECIALIZED SETTINGS,3,EC,3
IEP210,INTRODUCTION TO C-PRINT,3,EC,3
IEP211,LANGUAGE DEVELOP/EDUCATIONAL INTERPRETER,3,Not Transferable,0
IEP212,LEGAL/ETHICAL ISSUES EDUCATIONAL INTERPRETING,3,Not Transferable,0
IEP213,CURRICULUM DEV/METHODS OF INSTRUCTION/ED INTERPRET,3,Not Transferable,0
IEP214,DEAF-BLIND INTERPRETING STRATEGIES/ED INTERPRETER,3,Not Transferable,0
ITA101,ELEMENTARY ITALIAN I,3,EC,3
ITA102,ELEMENTARY ITALIAN II,3,EC,3
ITA201,INTERMEDIATE ITALIAN I,3,EC,3
ITA202,INTERMEDIATE ITALIAN II,3,EC,3
ITA240,ITALIAN LITERATURE IN TRANSLATION,3,EC,3
LAT101,ELEMENTARY LATIN I,3,EC,3
LAT102,ELEMENTARY LATIN II,3,EC,3
LAT201,INTERMEDIATE LATIN I,3,EC,3
LAT202,INTERMEDIATE LATIN II,3,EC,3
LAW101,LEGAL ENVIRONMENT/BUSINESS LAW I,3,EC,3
LAW102,BUSINESS LAW II,3,EC,3
LAW104,HOSPITALITY LAW,3,Not Transferable,0
LAW105,LAW AND LEGAL SERVICES,3,Not Transferable,0
LAW106,CONSTRUCTION LAW AND CONTRACTS,3,Not Transferable,0
LFO101,INTRODUCTION TO PHOTONICS AND PHOTONIC SAFETY,4,EC,3
LFO103,LASER SAFETY/APPS IN MEDICINE/RELATED FIELDS,3,Not Transferable,0
LFO201,PHOTONIC MATERIALS,3,EC,3
LFO210,INTRODUCTION TO GEOMETRIC OPTICS,3,Not Transferable,0
LFO211,GEOMETRIC OPTICS,4,EC,3
LFO212,PULSED AND CW LASERS,3,EC,3
LFO221,PHOTONIC AND ELECTRO-OPTIC DEVICES,3,EC,3
LFO231,PHOTONIC MEASUREMENTS,3,EC,3
LFO235,PHOTONICS APPLICATIONS,3,Not Transferable,0
LFO241,PRINCIPLES OF FIBER OPTICS,3,EC,3
LFO242,ADVANCED FIBER OPTICS,3,EC,3
LFO243,FIBER OPTIC COMMUNICATION AND INSTALLATION,3,Not Transferable,0
LFO251,LASER ELECTRONICS,3,EC,3
LFO261,LASER BIO-PHYSICS TECH FOR ALLIED HEALTH,3,EC,3
LFO271,LASER OPTRONICS,4,EC,3
LFO281,LASER OPTRONIC MATERIALS,3,EC,3
LFO291,LASER OPTRONIC DEVICES,3,EC,3
LFO292,PHOTONICS SEMINAR,1,EC,1
LFO293,LASER ELECTRO OPTIC DEVICE MAN,3,EC,3
LFO294,FIBER OPTIC PROJECT,3,EC,3
LFO295,PHOTONICS PROJECT,3,Not Transferable,0
LFO301,PHOTONICS SEMINAR,1,EC,1
LFO316,LASER ELECTRO OPTIC DEVICE MAN,3,EC,3
LFO317,FIBER OPTIC PROJECT,3,EC,3
MAS200,THERAPEUTIC MASSAGE,6,Not Transferable,0
MAS201,STUDENT MASSAGE CLINIC,1,Not Transferable,0
MAS205,ENVIRONMENTAL MANAGEMENT,1,Not Transferable,0
MAS209,STRUCTURES AND FUNCTIONS - BODYWORKER I,4,Not Transferable,0
MAS210,STRUCTURES AND FUNCTIONS I,2,Not Transferable,0
MAS211,STRUCTURES AND FUNCTIONS - BODYWORKER II,2,Not Transferable,0
MAS211,Structures + Functions - Bodyworker II,2,Not Transferable,0
MAS215,THERAPEUTIC SENSORY APPLICATIONS I,1,Not Transferable,0
MAS220,EASTERN THERAPEUTIC CONCEPTS,1,Not Transferable,0
MAS225,THERAPEUTIC SENSORY APPLICATIONS II,2,Not Transferable,0
MAS230,THERAPEUTIC HERBAL APPLICATIONS,2,Not Transferable,0
MAS240,SPECIALIZED MASSAGE TECHNIQUES,3,Not Transferable,0
MAS241,BUSINESS MANAGEMENT/MASSAGE PROFESSIONAL,2,Not Transferable,0
MAS243,INTEGRATED MYOFASCIAL STRUCTURAL TECHNIQUES,2,Not Transferable,0
MAS245,PATH/KINESIOLGY/MASSAGE THERAPY,7,Not Transferable,0
MAS250,SHIATSU THERAPY LEVEL I,4,Not Transferable,0
MAS255,MASSAGE THERAPY INTEGRATION/APPLICATION,3,Not Transferable,0
MAS255,Massage Therapy Integration/Application,3,Not Transferable,0
MAS260,PALPATION AND KINESIOLOGY/MASSAGE THERAPY,3,Not Transferable,0
MAS261,PATHOLOGY FOR MASSAGE THERAPY,4,Not Transferable,0
MDC100,MEDICAL CODING I,3,Not Transferable,0
MDC101,MEDICAL CODING I,2,EC,2
MDC102,ADVANCE MEDICAL CODING,4,EC,3
MDC111,MEDICAL BILLS/INSURANCE/RECORDS,2,EC,2
MDC112,DIAGNOSTIC AND TERM TRAUMA,2,EC,2
MDC115,MEDICAL REIMBURSEMENT,3,Not Transferable,0
MDC120,INTRODUCTION TO CPT-4,3,Not Transferable,0
MDC121,CPT-4,2,EC,2
MDC122,ADVANCED CPT-4,2,EC,2
MDC125,ADVANCED CPT-4,3,Not Transferable,0
MDC131,MEDICAL CODING INTERNSHIP,1,EC,1
MDC132,BASIC PHARMACOLOGY,3,EC,3
MDC133,DIAGNOSTIC/PROC TERM,3,EC,3
MDC134,BASIC PATHOPHYSIOLOGY,3,EC,3
MDC135,MEDICAL CODING INTERNSHIP,2,Not Transferable,0
MET211,FLUIDS,4,EC,3
MET221,QUALITY CONTROL,2,EC,2
MET228,STATICS FOR TECHNOLOGISTS,3,Not Transferable,0
MET231,STRENGTH OF MATERIALS,4,EC,3
MET232,MANUFACTURING PROCESSES,4,EC,3
MET233,PROJECT DESIGN,3,EC,3
MET234,MECH MEASUREMENTS,3,EC,3
MET235,HEAT AND POWER,3,EC,3
MET236,MECHANICS OF MATERIALS,3,Not Transferable,0
MET237,MANUFACTURING METHODS,3,Not Transferable,0
MET241,MACHINE DESIGN,4,EC,3
MET242,DESIGN OF MACHINE ELEMENTS,3,Not Transferable,0
MGT101,INTRODUCTION TO BUSINESS,3,EC,3
MGT102,INTRODUCTION TO MANAGEMENT,3,EC,3
MGT212,HUMAN RESOURCE MANAGEMENT,3,EC,3
MGT213,OPERATIONS MANAGEMENT,3,EC,3
MGT214,OFFICE MANAGEMENT,3,EC,3
MGT215,LABOR RELATIONS,3,EC,3
MGT216,HUMAN RELATIONS IN BUSINESS AND INDUSTRY,3,Not Transferable,0
MGT221,SMALL BUSINESS MANAGEMENT I,3,EC,3
MGT222,SMALL BUSINESS MANAGEMENT II,3,EC,3
MGT223,INTRODUCTION TO INTERNATIONAL BUSINESS,3,EC,3
MGT224,HONORS BUSINESS LEADERSHIP SEMINAR,3,Not Transferable,0
MKT101,PRINCIPLES OF MARKETING,3,EC,3
MKT102,RETAIL MANAGEMENT,3,EC,3
MKT122,MERCHANDISING TRENDS,3,EC,3
MKT123,INTRODUCTION TO PROMOTION,3,EC,3
MKT124,FUNDAMENTALS OF SELLING,3,EC,3
MKT125,PRINCIPLES OF E-COMMERCE,3,PENDING,0
MKT212,STRATEGIES IN MARKETING,3,EC,3
MLT100,ORIENTATION TO MEDICAL LABORATORY SCIENCE,3,EC,3
MLT101,MEDICAL LABORATORY TECHNOLOGY SEMINAR,1,Not Transferable,0
MLT105,MEDICAL LABORATORY SCIENCE I,3,Not Transferable,0
MLT200,CLINICAL CHEMISTRY,4,Not Transferable,0
MLT206,MEDICAL LABORATORY SCIENCE,4,Not Transferable,0
MLT207,CLINICAL HEMATOLOGY/COAGULATION,3,Not Transferable,0
MLT208,IMMUNOHEMATOLOGY/IMMUNOLOGY,3,Not Transferable,0
MLT209,CLINICAL CHEMISTRY,3,Not Transferable,0
MLT210,CLINICAL HEMATOLOGY/COAGULATION,4,EC,3
MLT211,IMMUNOHEMATOLOGY,4,Not Transferable,0
MLT212,IMMUNOLOGY/SEROLOGY,2,Not Transferable,0
MLT213,CLINICAL HEMATOLOGY/COAGULATION,4,Not Transferable,0
MLT214,IMMUNOHEMATOLOGY/IMMUNOLOGY,4,Not Transferable,0
MLT215,APPLIED LABORATORY TECH,1,Not Transferable,0
MLT216,CLINICAL MICROBIOLOGY,4,Not Transferable,0
MLT217,CLINICAL CHEMISTRY,4,Not Transferable,0
MLT219,MLT ACADEMIC SEMINAR,2,Not Transferable,0
MLT220,APPLIED CLINICAL MICROBIOLOGY,1,EC,1
MLT225,APPLIED CLINICAL MICROBIOLOGY,2,Not Transferable,0
MLT230,APPLIED CLINICAL HEMATOLOGY,1,EC,1
MLT235,APPLIED CLINICAL HEMATOLOGY/COAGULATION,2,Not Transferable,0
MLT240,APPLIED BLOOD BANK AND SEROLOGY,1,EC,1
MLT245,APPLIED BLOOD BANK AND SEROLOGY,2,Not Transferable,0
MLT250,APPLIED URINALYSIS,1,EC,1
MLT255,APPLIED URINALYSIS/BODY FLUIDS,2,Not Transferable,0
MLT260,APPLIED CLINICAL CHEMISTRY,1,Not Transferable,0
MLT265,APPLIED CLINICAL CHEMISTRY,2,Not Transferable,0
MTH090,USING THE TI-83,1,Not Transferable,0
MTH100,ALGEBRAIC CONCEPTS,4,01640026,0
MTH101,CONCEPTS OF MATH,3,EC,3
MTH102,SURVEY OF MATH I,3,EC,3
MTH103,TOPICS IN MATHEMATICS,3,21640103,3
MTH103,TOPICS IN MATHEMATICS,3,21640106,3
MTH104,MATH FOR ANIMAL SCIENCE,2,EC,3
MTH105,MATHEMATICAL SYSTEMS I: STRUCTURES,3,Not Transferable,0
MTH106,MATHEMATICAL SYSTEMS II: GEOMETRY,3,Not Transferable,0
MTH107,MATH FOR LIBERAL ARTS,3,Not Transferable,0
MTH107,MATH FOR LIBERAL ARTS,3,01640103,3
MTH109,INTERMEDIATE ALGEBRA EXTENDED,4,Not Transferable,0
MTH110,INTERMEDIATE ALGEBRA,3,EC,3
MTH111,INTRODUCTION TO STATISTICS,3,"01960211 ""4""",3
MTH112,ELEMENTS OF STATISTICS II,3,"01960211 ""4""",3
MTH114,COLLEGE ALGEBRA FOR BUSINESS AND SOCIAL SCIENCES,3,Not Transferable,0
MTH114,COLLEGE ALGEBRA FOR BUSINESS AND SOCIAL SCIENCE,3,Not Transferable,0
MTH117,EXPLORATIONS IN MATHEMATICAL THOUGHTS,3,01640103,3
MTH117,EXPLORATIONS IN MATHEMATICAL THOUGHT,3,Not Transferable,0
MTH117H,HONORS EXPLORATION IN MATHEMATICAL THOUGHTS,3,01640103,3
MTH117H,HONORS EXPLORATION IN MATHEMATICAL THOUGHT,3,Not Transferable,0
MTH120,COLLEGE ALGEBRA,3,EC,3
MTH120H,HONORS COLLEGE ALGEBRA,3,"EC ""4""",3
MTH121,APPLIED FINITE MATH,3,EC,3
MTH122,APPLIED CALCULUS,3,EC,3
MTH122,APPLIED CALCULUS,3,EC,3
MTH123,PRECALCULUS MATHEMATICS I,4,EC,4
MTH123,PRECALCULUS MATHEMATICS I,4,EC,3
MTH124,PRECALCULUS MATHEMATICS II,4,EC,4
MTH124,PRECALCULUS MATHEMATICS II,4,EC,4
MTH125,ACCELERATED PRECALCULUS,4,EC,3
MTH125,ACCELERATED PRECALCULUS,4,EC,4
MTH126,LINEAR SYS/ANAL GEOMETRY,3,EC,3
MTH127,UNIFIED CALCULUS,4,EC,3
MTH128,LINEAR ALGEBRA,4,EC,3
MTH129,DISCRETE MATHEMATICS,4,EC,3
MTH129,DISCRETE MATHEMATICS,4,01198205,4
MTH130,TRIGONOMETRY AND ANALYTIC GEOMETRY,3,"EC ""4""",3
MTH132,STATISTICS FOR TECHNOLOGY,4,01960EC,4
MTH132,STATISTICS FOR TECHNOLOGY,4,Not Transferable,0
MTH134,BIOSTATISTICS,4,01960401,3
MTH140,CALCULUS I,4,EC,3
MTH140,CALCULUS I,4,EC,4
MTH140H,HONORS CALCULUS I,4,01640151,4
MTH140H,HONORS CALCULUS I,4,EC,4
MTH145,LINEAR ALGEBRA,4,EC,3
MTH150,CALCULUS II,4,EC,3
MTH150,CALCULUS II,4,Not Transferable,0
MTH171,STATISTICS I,3,01960211,3
MTH171,STATISTICS I,3,01640211,3
MTH172,STATISTICS II,3,01960212,3
MTH205,MATH SYSTEMS III: STRUCTURES III,3,Not Transferable,0
MTH210,CALCULUS III,4,EC,3
MTH220,DIFFERENTIAL EQUATIONS,4,EC,3
MTH261,INTRODUCTION TO MATHEMATICAL MODELING,3,Not Transferable,0
MTH262,PROBABILISTIC MODELS,4,Not Transferable,0
MUS100,BEGINNER MUSIC LESSONS,1,Not Transferable,0
MUS101,MUSIC APPRECIATION I,3,EC,3
MUS101,Music Appreciation I,3,EC,3
MUS101H,HONORS MUSIC APPRECIATION,3,07700101,3
MUS101H,Honors Music Appreciation I,3,EC,3
MUS102,MUSIC APPRECIATION II,3,EC,3
MUS103,INTERMEDIATE MUSIC LESSONS,1,07701EC,1
MUS104,AURAL THEORY I,2,07700123,2
MUS105,ADVANCED MUSIC LESSONS I,1,07701EC,1
MUS106,WORLD MUSIC CULTURES,3,EC,3
MUS107,DIGITAL MUSIC COMPOSITION,1,Not Transferable,0
MUS108,DIGITAL MEDIA MUSIC PRODUCTION,3,EC,3
MUS110,AFRICAN-AMERICAN MUSIC,3,EC,3
MUS111,MUSIC HISTORY I,3,EC,3
MUS112,MUSIC HISTORY II,3,EC,3
MUS113,JAZZ HISTORY,3,07700EC,3
MUS113,JAZZ HISTORY,3,07700EC,3
MUS113,JAZZ HISTORY,3,07700NM,3
MUS115,JAZZ BAND ENSEMBLE I,1,PENDING,0
MUS116,JAZZ BAND ENSEMBLE II,1,PENDING,0
MUS120,MUSIC AND THE CHILD,3,Not Transferable,0
MUS121,FUNDAMENTALS OF MUSIC,3,EC,3
MUS122,SIGHT SINGING/EAR TRAINING,3,EC,3
MUS123,MUSIC THEORY I,3,EC,3
MUS124,MUSIC THEORY II,3,EC,3
MUS125,CLASS PIANO I,1,PENDING,0
MUS126,RHYTHM WORKSHOP,1,Not Transferable,0
MUS127,FUNDAMENTALS OF MUSIC/SOUND ENGINEERS,3,Not Transferable,0
MUS128,KEYBOARDING TECHNIQUES/SOUND ENGINEERS,1,Not Transferable,0
MUS129,INTRODUCTION TO AUDIO RECORDING,3,Not Transferable,0
MUS131,MIDI I,3,EC,3
MUS132,MIDI II,3,EC,3
MUS133,AUDIO RECORDING TECHNIQUES I,3,PENDING,0
MUS133,AUDIO RECORDING TECHNIQUES I,3,Not Transferable,0
MUS134,AUDIO RECORDING TECHNIQUES II,3,PENDING,0
MUS135,MIDI/DAW I (DIGITAL AUDIO WORKSTATION),3,Not Transferable,0
MUS136,MIDI/DAW II (DIGITAL AUDIO WORKSTATION),3,Not Transferable,0
MUS141,ENSEMBLE I,1,07701EC,1
MUS142,ENSEMBLE II,1,07701EC,1
MUS151,APPLIED MUSIC I,2,EC,2
MUS152,APPLIED MUSIC II,2,EC,2
MUS161,COLLEGE CHOIR I,1,EC,1
MUS161,COLLEGE CHOIR I,1,07701339,1
MUS162,COLLEGE CHOIR II,1,EC,1
MUS162,COLLEGE CHOIR II,1,07701339,1
MUS171,COMMERCIAL ENSEMBLE I,1,EC,1
MUS172,COMMERCIAL ENSEMBLE II,1,EC,1
MUS181,CONCERT BAND I,1,EC,1
MUS181,CONCERT BAND I,1,07701330,1
MUS182,CONCERT BAND II,1,EC,1
MUS182,CONCERT BAND II,1,07701330,1
MUS191,WIND ENSEMBLE I,1,EC,1
MUS192,WIND ENSEMBLE II,1,EC,1
MUS195,ORCHESTRA I,1,EC,1
MUS195,ORCHESTRA I,1,07701347,1
MUS196,ORCHESTRA II,1,EC,1
MUS196,ORCHESTRA II,1,07701347,1
MUS200,AURAL THEORY II,2,07700124,2
MUS201,CLASS PIANO II,1,07701160,1
MUS202,ADVANCED MUSIC LESSONS II,1,07701EC,1
MUS203,MUSIC MAJOR RECITAL,1,Not Transferable,0
MUS217,JAZZ BAND ENSEMBLE III,1,PENDING,0
MUS218,JAZZ BAND ENSEMBLE IV,1,PENDING,0
MUS225,MUSIC THEORY III,3,EC,3
MUS226,MUSIC THEORY IV,3,EC,3
MUS227,LIVE SOUND REINFORCEMENT,3,Not Transferable,0
MUS228,BUSINESS OF MUSIC,3,Not Transferable,0
MUS229,BASIC STUDIO MAINTENANCE,3,Not Transferable,0
MUS230,AUDIO PRODUCTION,3,Not Transferable,0
MUS231,MIXING AUDIO,3,Not Transferable,0
MUS232,SOUND DESIGN,3,EC,3
MUS233,ADVANCED AUDIO PRODUCTION AND MIXING,3,Not Transferable,0
MUS243,ENSEMBLE III,1,07701EC,1
MUS244,ENSEMBLE IV,1,07701EC,1
MUS253,APPLIED MUSIC III,2,EC,2
MUS254,APPLIED MUSIC IV,2,EC,2
MUS263,COLLEGE CHOIR III,1,EC,1
MUS263,COLLEGE CHOIR III,1,07701339,1
MUS264,COLLEGE CHOIR IV,1,EC,1
MUS264,COLLEGE CHOIR IV,1,07701339,1
MUS273,COMMERCIAL ENSEMBLE III,1,EC,1
MUS274,COMMERCIAL ENSEMBLE IV,1,EC,1
MUS275,AUDIO PRODUCTION INTERNSHIP,3,Not Transferable,0
MUS283,CONCERT BAND III,1,EC,1
MUS283,CONCERT BAND III,1,07701330,1
MUS284,CONCERT BAND IV,1,EC,1
MUS284,CONCERT BAND IV,1,07701330,1
MUS293,WIND ENSEMBLE III,1,EC,1
MUS294,WIND ENSEMBLE IV,1,EC,1
MUS295,ORCHESTRA I,1,EC,1
MUS296,ORCHESTRA II,1,EC,1
MUS297,ORCHESTRA III,1,EC,1
MUS297,ORCHESTRA III,1,07701347,1
MUS298,ORCHESTRA IV,1,EC,1
MUS298,ORCHESTRA IV,1,07701347,1
NHF100,NURSING I,5,Not Transferable,0
NHF101,MENTAL HEALTH NURSING,8,Not Transferable,0
NHF110,NURSING II,7,Not Transferable,0
NHF111,NURSING CARE ADULTS I,8,Not Transferable,0
NHF120,FOUND OF NURSING MANAGEMENT FOR HUMAN RESPONSES,6,Not Transferable,0
NHF121,HEALTH ASSESSMENT ACROSS THE LIFESPAN,2,Not Transferable,0
NHF130,MANAGEMENT HUMAN RESPONSES HEALTH CONCERNS,10,Not Transferable,0
NHF131,INTRODUCTION TO NURSING INFORMATICS,1,Not Transferable,0
NHF200,NURSING III,8,Not Transferable,0
NHF201,PARENT-CHILD NURSING,9,Not Transferable,0
NHF210,NURSING IV,8,Not Transferable,0
NHF211,NURSING CARE ADULTS II,9,Not Transferable,0
NHF220,MANAGEMENT OF HUMAN RESPONSES HEALTH CONCERNS,10,Not Transferable,0
NHF221,PROFESSIONAL ROLE DEVELOPMENT III,2,Not Transferable,0
NHF230,MANAGEMENT OF HUMAN RESPONSES COMPLEX HEALTH,10,Not Transferable,0
NHF231,ISSUES AND TRENDS IN PROFESSIONAL NURSING,2,Not Transferable,0
NHF300,NURSING V,9,Not Transferable,0
NHF310,NURSING VI,9,Not Transferable,0
NHF390,PERIOPERATIVE NURSING,8,Not Transferable,0
NOL100,INTRODUCTION TO NURSING,2,Not Transferable,0
NOL102,NURSING 1: FOUNDATIONS OF PRACTICE AND MENTAL HEAL,8,EC,8
NOL110,HEALTH ASSESSMENT,2,Not Transferable,0
NOL110,Health Assessment,2,Not Transferable,0
NOL111,NURSING 2: HEALTH PROMOTION + ILLNESS MANAGEMENT,8,EC,8
NOL120,CARING FOR PATIENTS ACROSS THE LIFESPAN I,9,Not Transferable,0
NOL130,CARING FOR PATIENTS ACROSS THE LIFESPAN II,9,Not Transferable,0
NOL130,CARING FOR PATIENTS ACROSS THE LIFESPAN II,9,NCLEX,9
NOL200,NURSING I,6,Not Transferable,0
NOL201,NURSING V,8,Not Transferable,0
NOL202,NURSING 3: MANAGEMENT OF ACUTE + CHRONIC HEALTH,8,EC,8
NOL210,NURSING II,8,Not Transferable,0
NOL211,NURSING 4: MANAGEMENT OF INDIVIDUALS AND GROUPS,8,EC,8
NOL215,CARING FOR PATIENTS ACROSS THE LIFESPAN III,6,Not Transferable,0
NOL220,PHARMACOLOGY FOR NURSING,3,Not Transferable,0
NOL221,CARE OF ADULT/CHP,6,Not Transferable,0
NOL225,CARING FOR PATIENTS ACROSS THE LIFESPAN IV,9,Not Transferable,0
NOL235,TRANSITION TO PRACTICE,3,Not Transferable,0
NOL235,TRANSITION TO PRACTICE,3,EC,3
NOL261,NURSING VI,3,Not Transferable,0
NOL271,NURSING VII,8,Not Transferable,0
NOL281,TRENDS AND ISSUES IN NURSING 97/98,3,Not Transferable,0
NOL300,NURSING III,9,Not Transferable,0
NOL310,NURSING IV,9,Not Transferable,0
NOL320,TRENDS AND ISSUES IN NURSING,3,Not Transferable,0
NUR101,PRACTICAL NURSING CONCEPTS,2,Not Transferable,0
NUR102,INTRODUCTION TO PRACTICAL NURSING,3,Not Transferable,0
NUR103,INTRODUCTION TO HEALTH CARE PROFESSIONS I,1,Not Transferable,0
NUR104,INTRODUCTION TO HEALTH CARE PROFESSIONS II,1,Not Transferable,0
NUR105,ADULT HEALTH I PRACTICAL NURSING,6,Not Transferable,0
NUR106,PRACTICAL NURSING: ADULT HEALTH I,5,Not Transferable,0
NUR107,PRACTICAL NURSING PHARMACOLOGY,3,Not Transferable,0
NUR108,FOUNDATIONS OF PRACTICAL NURSING,6,EC,6
NUR109,PRACTICAL NURSING I,7,EC,7
NUR109,PRACTICAL NURSING I,7,Not Transferable,0
NUR110,MATERNAL CHILD PRACTICAL NURSING,4,Not Transferable,0
NUR111,PRACTICAL NURSING II,8,EC,8
NUR111,PRACTICAL NURSING II,8,Not Transferable,0
NUR112,TRENDS ISSUES + ADVAN PRACTICAL NURSING CONCEPTS,3,EC,3
NUR112,"TRENDS, ISSUES + ADVANCED PRACTICAL NURSING",3,EC,3
NUR113,INTRODUCTION TO HEALTH CARE PROFESSIONS III,1,Not Transferable,0
NUR114,INTRODUCTION TO HEALTH CARE PROFESSIONS IV,1,Not Transferable,0
NUR115,MENTAL HEALTH PRACTICAL NURSING,2,Not Transferable,0
NUR116,PRACTICAL NURSING: MENTAL HEALTH,3,Not Transferable,0
NUR205,ADULT HEALTH II: PRACTICAL NURSING,6,Not Transferable,0
NUR206,PRACTICAL NURSING: ADULT HEALTH II,7,Not Transferable,0
NUR210,TRENDS/ISSUES/PREPARATION FOR LICENSURE,3,Not Transferable,0
NUR219,TRANSITION TO PROFESSIONAL NURSING,2,EC,2
NUR220,NURSING I,6,EC,6
NUR220,NURSING I,6,EC,6
NUR221,NURSING II,7,EC,7
NUR221,NURSING II,7,EC,7
NUR222,GLOBAL HEALTH + DIVERSITY IN NURSING,2,EC,2
NUR222,GLOBAL HEALTH + DIVERSITY IN NURSING,2,EC,2
NUR223,NURSING III,7,EC,7
NUR223,NURSING III,7,EC,7
NUR224,LEADERSHIP AND ROLE TRANSITION,2,EC,2
NUR224,LEADERSHIP AND ROLE TRANSITION,2,EC,2
NUR230,PHARMACOLOGY FOR NURSING,3,EC,3
OMT101,MEDICAL HISTORY TAKING,1,Not Transferable,0
OMT102,CLINICAL OPTICS I,2,Not Transferable,0
OMT103,OPHTHALMIC OPTICS FOR MEDICAL TECHNICIAN,4,Not Transferable,0
OMT104,CLINICAL PROCEDURES I,3,Not Transferable,0
OMT105,CLINICAL OBSERVATION,1,Not Transferable,0
OMT201,OCULAR PHARMACOLOGY,1,Not Transferable,0
OMT202,CLINICAL OPTICS II,2,Not Transferable,0
OMT203,CLINICAL ROTATION I,3,Not Transferable,0
OMT203,CLINICAL ROTATION I,3,Not Transferable,0
OMT204,CLINICAL PROCEDURES II,3,Not Transferable,0
OMT213,CLINICAL ROTATION II,4,Not Transferable,0
OMT213,Clinical Rotation II,3,Not Transferable,0
OPH101,OPHTHALMIC MATERIALS LAB I,3,EC,3
OPH102,OPHTHALMIC MATERIALS LAB II,3,EC,3
OPH104,OPHTHALMIC LAB I,3,Not Transferable,0
OPH105,OPHTHALMIC LAB II,3,Not Transferable,0
OPH111,OPHTHALMIC MATERIALS LECTURE I,3,EC,3
OPH112,OPHTHALMIC MATERIALS LECTURE II,3,EC,3
OPH130,ANATOMY OF THE EYE,3,EC,3
OPH131,INTRODUCTION TO CONTACT LENSES,3,EC,3
OPH180,INTRODUCTION TO OPHTHALMIC DISPENSING,1,Not Transferable,0
OPH203,OPHTHALMIC MATERIALS LAB III,2,EC,2
OPH204,OPHTHALMIC MATERIALS LAB IV,2,EC,2
OPH213,CLINICAL ROTATION II,4,Not Transferable,0
OPH220,OPTIC PRINCIPLES,3,EC,3
OPH232,CONTACT LENS FITTING I,3,EC,3
OPH233,CONTACT LENS FITTING II,3,EC,3
OPH240,OPHTHALMIC DISPENSING I,4,EC,3
OPH241,OPHTHALMIC DISPENSING II,4,EC,3
OPH250,OPHTHALMIC CLINIC I,1,EC,1
OPH251,OPHTHALMIC CLINIC II,1,EC,1
OPH260,CO-OP I: OPHTHALMIC SCIENCE,1,Not Transferable,0
OPH260,Co-Op I:  Ophthalmic Science,1,Not Transferable,0
OPH261,CO-OP II: OPHTHALMIC SCIENCE,1,Not Transferable,0
OPH270,OPHTHALMIC DISPENSING OFFICE PROCEDURES,3,EC,3
OST110,MICROCOMPUTER KEYBOARDING,1,EC,3
OST111,KEYBOARDING AND DOCUMENT PROCESSING I,3,EC,3
OST112,KEYBOARDING AND DOCUMENT PROCESSING II,3,EC,3
OST113,KEYBOARDING AND DOCUMENT PROCESSING,3,Not Transferable,0
OST121,INTRODUCTION TO WORD PROCESSING - WORD PERFECT,3,EC,3
OST123,INTRODUCTION TO MICROSOFT WORD,3,EC,3
OST124,LEGAL OFFICE PROCEDURES,3,EC,3
OST125,LEGAL TERMINOLOGY I,3,EC,3
OST131,SHORTHAND I,3,EC,3
OST151,POWERPOINT,3,EC,3
OST161,MEDICAL TERMINOLOGY,3,EC,3
OST171,MEDICAL TRANSCRIPTION I,3,Not Transferable,0
OST201,VIRTUAL ENTREPRENEURSHIP I,3,Not Transferable,0
OST202,VIRTUAL ENTREPRENEURSHIP II,3,Not Transferable,0
OST205,DIGITAL TOOLS FOR A VIRTUAL BUSINESS,3,Not Transferable,0
OST210,VIRTUAL ASSISTANT INTERNSHIP,3,Not Transferable,0
OST213,KEYBOARDING III,3,EC,3
OST222,ADVANCED WORD PROCESSING - WORD PERFECT,3,EC,3
OST224,ADVANCED MICROSOFT WORD - DESKTOP PUBLISHING,3,EC,3
OST232,SHORTHAND II,3,EC,3
OST241,ADMINISTRATIVE OFFICE PROCEDURES,3,EC,3
OST262,MEDICAL TRANSCRIPTION,3,EC,3
OST272,MEDICAL TRANSCRIPTION II,3,Not Transferable,0
PAR101,INTRODUCTION TO PARALEGAL STUDIES,3,EC,3
PAR102,LITIGATION AND CIVIL PROCEDURES,3,EC,3
PAR140,LITIGATION AND CIVIL PROCEDURES,3,EC,3
PAR201,LEGAL RESEARCH AND WRITING I,3,EC,3
PAR202,LEGAL RESEARCH AND WRITING II,3,EC,3
PAR203,FAMILY LAW,3,EC,3
PAR204,REAL ESTATE LAW,3,EC,3
PAR205,ESTATE AND PROBATE,3,EC,3
PAR206,PARALEGAL INTERNSHIP,3,EC,3
PAR207,BANKRUPTCY BASICS,3,Not Transferable,0
PAR210,LAW OFFICE MANAGEMENT,3,Not Transferable,0
PBT100,BASIC PHLEBOTOMY TECH,1,Not Transferable,0
PEM260,TOPICS IN PARAMEDIC CARE,6,Not Transferable,0
PEM265,EMERGENCY MEDICAL SERVICES EDUCATION,3,Not Transferable,0
PEM270,EMERGENCY MEDICAL SERVICES MANAGEMENT,3,Not Transferable,0
PHL101,INTRODUCTION TO PHILOSOPHY,3,EC,3
PHL111,MODERN PHILOSOPHY,3,EC,3
PHL121,LOGIC AND REASONING,3,EC,3
PHL131,INTRODUCTION TO ETHICS,3,EC,3
PHL131H,HONORS INTRO TO ETHICS,3,01730107,3
PHL141,PHILOSOPHY OF RELIGION,3,EC,3
PHL151,SOCIAL AND POLITICAL PHILOSOPHY,3,EC,3
PHL221,PHILOSOPHY OF LIFE,3,EC,3
PHL231,ETHICS AND BUSINESS,3,EC,3
PHL232,BIOMEDICAL ETHICS,3,EC,3
PHL232H,HONORS BIOMEDICAL ETHICS,3,EC,3
PHL233,PHILOSOPHY OF LAW,3,EC,3
PHO101,PHOTOGRAPHY I,3,EC,3
PHO101,Photography I,3,EC,3
PHO102,PHOTOGRAPHY II,3,EC,3
PHO102,Photography II,3,EC,3
PHO103,PHOTOGRAPHY I - AFA MAJORS,3,PENDING,0
PHO104,PHOTOGRAPHY II - AFA MAJORS,3,PENDING,0
PHO106,BEGINNING DIGITAL PHOTOGRAPHY,3,EC,3
PHO111,HISTORY OF PHOTOGRAPHY,3,EC,3
PHO221,STUDIO PHOTOGRAPHY,3,EC,3
PHO222,NON-TRADITIONAL PHOTOGRAPHY,3,EC,3
PHO223,PHOTOGRAPHY AND PORTRAITURE,3,EC,3
PHO224,COLOR PHOTOGRAPHY I,3,EC,3
PHO225,PHOTOJOURNALISM,3,EC,3
PHO226,DIGITAL PHOTOGRAPHY,3,EC,3
PHO226,PHOTO ILLUSTRATION,3,Not Transferable,0
PHO227,STUDIO PHOTOGRAPHY-AFA MAJORS,3,PENDING,0
PHO228,NON-TRADITIONAL PHOTOGRAPHY - AFA MAJORS,3,PENDING,0
PHO229,PHOTOGRAPHY AND PORTRAITURE - AFA MAJOR,3,PENDING,0
PHO230,DIGITAL PHOTOGRAPHY - AFA MAJORS,3,PENDING,0
PHO291,INDEPENDENT STUDY - PHOTOGRAPHY,3,Not Transferable,0
PHY090,PREPARATION FOR TECHNOLOGY AND PHYSICS,3,Not Transferable,0
PHY101,PHYSICS I,4,To Be Determined,0
PHY102,PHYSICS II,4,To Be Determined,0
PHY103,PHYSICS I NON - SCIENCE,4,To Be Determined,0
PHY104,PHYSICS II NON - SCIENCE,4,To Be Determined,0
PHY111,TECHNICAL PHYSICS I,4,To Be Determined,0
PHY112,TECHNICAL PHYSICS II,4,To Be Determined,0
PHY201,PHYSICS III,4,To Be Determined,0
PHY201,PHYSICS III,4,01750203,4
PHY202,PHYSICS IV,4,To Be Determined,0
PHY202,PHYSICS IV,4,01750204,4
PHY203,APPLIED OPTICS,4,EC,3
POL101,INTRODUCTION TO POLITICAL SCIENCE,3,EC,3
POL101H,HONORS INTRODUCTION TO POLITICAL SCIENCE,3,01790101,3
POL101H,HONORS INTRODUCTION TO POLITICAL SCIENCE,3,EC,3
POL102,HONORS INTRODUCTION TO POLITICAL SCIENCE,3,EC,3
POL103,AMERICAN FEDERAL GOVERNMENT,3,EC,3
POL103H,HONORS AMERICAN FEDERAL GOVERNMENT,3,01790104,3
POL104,HONORS AMERICAN FEDERAL GOVERNMENT,3,EC,3
POL105,METROPOLITAN GOVERNMENT,3,EC,3
POL106,COMPARATIVE GOVERNMENT,3,EC,3
POL107,STATE AND LOCAL GOVERNMENT,3,EC,3
POL108,INTRODUCTION TO INTERNATIONAL RELATIONS,3,01790102,3
POL111,PUBLIC ADMINISTRATION,3,EC,3
POL112,PUBLIC PERSONNEL ADMINISTRATION,3,EC,3
POL121,CO-OP I: POLITICAL SCIENCE,3,EC,3
POL122,CO-OP II: POLITICAL SCIENCE,3,EC,3
PRM100,INTRODUCTION TO PARAMEDIC CARE,5,Not Transferable,0
PRM101,PARMEDIC THEORY I,3,EC,3
PRM102,PARAMEDIC THEORY II,6,EC,3
PRM103,THEORY OF PARAMEDIC CARE,3,Not Transferable,0
PRM104,PARAMEDIC PHARMACOLOGY,3,Not Transferable,0
PRM105,PRINCIPLES PARAMEDIC CARE I,6,Not Transferable,0
PRM106,PARAMEDIC ELECTROCARDIOGRAPHY,3,Not Transferable,0
PRM107,PARMEDIC CLINICAL PRACTICE I,2,Not Transferable,0
PRM108,PARMEDIC CLINICAL PRACTICE II,5,Not Transferable,0
PRM110,MEDICAL EMERGENCIES I,8,EC,3
PRM111,ACC MEDICAL EMERGENCIES I - PART I,4,Not Transferable,0
PRM112,ACC MEDICAL EMERGENCIES I - PART 2,4,Not Transferable,0
PRM115,PARAMEDIC CLINICAL I,1,Not Transferable,0
PRM120,PARAMEDIC CARE I,6,Not Transferable,0
PRM121,CLINICAL PRACTICE I,4,EC,3
PRM122,CLINICAL PRACTICE II,3,EC,3
PRM125,PARAMEDIC CLINICAL II,2,Not Transferable,0
PRM130,PARAMEDIC CLINICAL III,2,Not Transferable,0
PRM200,PARAMEDIC CARE II,5,Not Transferable,0
PRM203,PRINCIPLES/PARAMEDIC CARE II,5,Not Transferable,0
PRM204,PRINCIPLES/PARAMEDIC TRAUMA CARE,3,Not Transferable,0
PRM205,PARAMEDIC CLINICAL PRACTICE III,2,Not Transferable,0
PRM206,PARAMEDIC FIELD INTERNSHIP,7,Not Transferable,0
PRM207,PARAMEDIC FIELD RESIDENCY,4,Not Transferable,0
PRM210,MEDICAL EMERGENCIES II,3,EC,3
PRM212,MEDICAL EMERGENCIES II,5,Not Transferable,0
PRM215,PARAMEDIC CLINICAL IV,2,Not Transferable,0
PRM220,PARAMEDIC CLINICAL V,6,Not Transferable,0
PRM223,CLINICAL PRACTICE III,4,EC,3
PRM224,CLINICAL PRACTICE IV - FIELD INTERNSHIP,4,EC,4
PRM225,CLINICAL PRACTICE V - FIELD RESIDENCY,2,Not Transferable,0
PRM230,TRAUMA EMERGENCIES,3,EC,3
PRM235,Paramedic Clinical VI,3,Not Transferable,0
PRM240,OB/GYN EMERGENCIES,1,EC,1
PRM250,PSY EMERGENCIES,1,EC,1
PSY101,BASIC PSYCHOLOGY,3,EC,3
PSY101H,HONORS BASIC PSYCHOLOGY,3,01830101,3
PSY101H,HONORS BASIC PSYCHOLOGY,3,01830101,3
PSY102,PSYCHOLOGY OF PERSONALITY AND ADJUSTMENT,3,EC,3
PSY103,EDUCATIONAL PSYCHOLOGY,3,EC,3
PSY104,ABNORMAL PSYCHOLOGY,3,EC,3
PSY105,CHILD PSYCHOLOGY,3,EC,3
PSY105,CHILD PSYCHOLOGY,3,01830271,3
PSY105,CHILD PSYCHOLOGY,3,01830EC,3
PSY105,CHILD PSYCHOLOGY,3,01830EC,3
PSY106,PSYCHOLOGY OF ADOLESCENCE,3,EC,3
PSY107,PSYCHOLOGY OF ADULTHOOD AGING,3,EC,3
PSY108,PSYCHOLOGY DYING AND DEATH,3,EC,3
PSY109,DEVELOPMENTAL PSYCHOLOGY,3,25705229,3
PSY109,DEVELOPMENTAL PSYCHOLOGY,3,Not Transferable,0
PSY109H,DEVELOPMENTAL PSYCHOLOGY HONORS,3,Not Transferable,0
PSY110,SOCIAL PSYCHOLOGY,3,EC,3
PSY111,INDUSTRIAL/ORGANIZATIONAL PSYCHOLOGY,3,EC,3
PSY112,PSYCHOLOGY OF WOMEN,3,21001100,3
PSY114,CHILD DEVELOPMENT/EDUCATION INTERPRETER,3,Not Transferable,0
RST211,FUNDAMENTALS OF RESPIRATORY CARE,5,EC,3
RST221,CLINICAL PRACTICE I,2,EC,2
RST222,CARDIOPULMONARY PHARMACOLOGY,2,EC,2
RST223,CARDIOPULMONARY PHYSIOLOGY,3,EC,3
RST224,MECHANICAL VENTILATION,4,EC,3
RST225,DYNAMICS OF HEALTH AND SOCIETY,2,EC,2
RST231,CLINICAL PRACTICE II,2,EC,2
RST232,PEDIATRIC/NEONATAL RESPIRATORY CARE,2,EC,2
RST233,INTERDISCIPLINARY STUDIES SEMINAR,2,EC,2
RST234,CARDIOPULMONARY EVALUATION,3,EC,3
RST235,CARDIOPULMONARY DISEASES,2,EC,2
RST237,"LONGTERM, HOME AND REHABILITATIVE CARE",3,Not Transferable,0
RST241,CLINICAL PRACTICE III,3,EC,3
RUS101,ELEMENTARY RUSSIAN I,3,EC,3
RUS102,ELEMENTARY RUSSIAN II,3,EC,3
RUS201,INTERMEDIATE RUSSIAN I,3,EC,3
RUS202,INTERMEDIATE RUSSIAN II,3,EC,3
SLS201,ASL LINGUISTICS,3,EC,3
SLS202,AMERICAN DEAF CULTURE,3,EC,3
SLS202,AMERICAN DEAF CULTURE,3,EC,3
SLS203,INTRODUCTION INTERPRETING PROFESSION,3,EC,3
SLS203,Introduction Interpreting Profession,3,EC,3
SLS204,AUDIOLOGICAL PROCESSES,3,EC,3
SLS205,FIELD OBSERVATION AND PRACTICUM,4,EC,3
SOC101,INTRODUCTION TO SOCIOLOGY,3,EC,3
SOC101H,HONORS INTRODUCTION TO SOCIOLOGY,3,01920101,3
SOC102,SOCIAL PROBLEMS,3,EC,3
SOC201,SOCIOLOGY OF THE FAMILY,3,EC,3
SOC202,CRIMINOLOGY,3,EC,3
SOC203,URBAN SOCIOLOGY,3,EC,3
SOC204,SOCIOLOGY OF AGING,3,EC,3
SOC205,SOCIAL DIVERSITY,3,EC,3
SPA101,ELEMENTARY SPANISH I,3,EC,3
SPA102,ELEMENTARY SPANISH II,3,EC,3
SPA103,ADVANCED BEGINNERS SPANISH,3,01940NM,3
SPA105,SPANISH FOR NATIVE SPEAKERS,3,PENDING,0
SPA106,SPANISH FOR HERITAGE SPEAKERS I,3,01940139,3
SPA150,SPANISH FOR MEDICAL PERSONNEL I,3,01940205,3
SPA201,INTERMEDIATE SPANISH I,3,EC,3
SPA202,INTERMEDIATE SPANISH II,3,EC,3
SPA203,INTRODUCTION TO THE HISPANIC CULTURE,3,PENDING,0
SPA204,CONVERSATIONAL SPANISH,3,PENDING,0
SPA205,SPANISH FOR NATIVE SPEAKERS II,3,PENDING,0
SPE001,SOCIAL INTERACTION,3,Not Transferable,0
SPE101,FUNDAMENTALS OF SPEECH,3,EC,3
SPE102,PUBLIC SPEAKING,3,EC,3
SPE102H,HONORS PUBLIC SPEAKING,3,04192220,3
SPE210,ORAL INTERPRETATION,3,Not Transferable,0
SPE211,INTERPERSONAL COMMUNICATION,3,25705233,3
SPE212,SMALL GROUP COMMUNICATIONS,3,EC,3
SPE215,ARGUMENT AND DEBATE,3,EC,3
SRG100,SURGICAL TECHNOLOGY,2,Not Transferable,0
SRG101,INTRODUCTION TO SURGICAL TECHNOLOGY,3,Not Transferable,0
SRG102,FUNDAMENTALS OF SURGICAL TECHNOLOGY,5,Not Transferable,0
SRG105,PRINCIPLES OF SURGICAL TECHNOLOGY,4,Not Transferable,0
SRG110,SURGICAL PROCEDURES I,4,Not Transferable,0
SRG111,CONCEPTS OF MICROBIOLOGY,3,Not Transferable,0
SRG112,SURGICAL PROCEDURES I,4,Not Transferable,0
SRG112,SURGICAL PROCEDURES I,4,Not Transferable,0
SRG115,CLINICAL ROTATION I,7,Not Transferable,0
SRG116,CLINICAL ROTATION I,5,Not Transferable,0
SRG118,CLINICAL ROTATION I,6,Not Transferable,0
SRG210,SURGICAL PROCEDURES II,4,Not Transferable,0
SRG212,SURGICAL PROCEDURES II,3,Not Transferable,0
SRG215,CLINICAL ROTATION II,8,Not Transferable,0
SRG216,CLINICAL ROTATION II,6,Not Transferable,0
SRG217,CLINCAL ROTATION,4,Not Transferable,0
SRG218,CLINICAL ROTATION,6,Not Transferable,0
SRG218,Clinical Rotation II,6,Not Transferable,0
SRG220,SURGICAL TECHNOLOGY CAPSTONE,2,Not Transferable,0
THD240,LIGHTING FOR THE THEATRE,3,Not Transferable,0
THD250,TECHNICAL DRAFTING,3,Not Transferable,0
THD260,SCENIC PAINTING,3,Not Transferable,0
THD270,COSTUMING FOR THE THEATRE,3,Not Transferable,0
THD280,STAGE MANAGEMENT,3,Not Transferable,0
THD290,CAPSTONE PROJECT,3,Not Transferable,0
THE121,THEATRE APPRECIATION,3,EC,3
THE122,FILM APPRECIATION,3,EC,3
THE123,AMERICAN CINEMA,3,EC,3
THE131,VOICE AND DICTION,3,EC,3
THE141,ACTING I,3,EC,3
THE150,WORLD THEATRE,3,Not Transferable,0
THE151,DANCE/MOVEMENT,3,EC,3
THE161,PRODUCTION AND PERFORMANCE I,1,EC,1
THE162,PRODUCTION AND PERFORMANCE II,1,EC,1
THE221,20TH CENTURY AMERICAN DRAMA,3,EC,3
THE232,ORAL INTERPRETATION,3,EC,3
THE233,PLAYWRITING,3,EC,3
THE242,ACTING II,3,EC,3
THE252,CHILDREN'S THEATRE,3,EC,3
THE253,STAGECRAFT I,3,EC,3
THE263,PRODUCTION AND PERFORMANCE III,1,EC,1
THE264,PRODUCTION AND PERFORMANCE IV,1,EC,1
TRF201,TRAFFIC ENGINEERING PRINCIPLES I,3,Not Transferable,0
